1368123076,HERNANDEZ,Tricia,12385,Lincoln,Spring Field,New Cicily
-1775552523,ROWLAND,Jeremiah,18316,Twelfth,Spring Field,New Cicily
2073594316,WISE,Edgar,19921,Navajo,Spring Field,New Cicily
571612489,REEVES,Robin,4057,Elm,Spring Field,New Cicily
-14425713,LUCERO,Corey,6732,Lakeview,Spring Field,New Cicily
1399778072,KRUEGER,Angelica,6896,North,Spring Field,New Cicily
1522330712,BARTLETT,Shari,24293,Fifth,Spring Field,New Cicily
-1694755375,BARRETT,Jesus,3072,Third,Spring Field,New Cicily
-1276580615,FRANCIS,Mikayla,16899,Pine,Spring Field,New Cicily
183981324,WHITNEY,Renee,15910,Park,Spring Field,New Cicily
-2062365515,WONG,Julie,11345,Cottonwood,Spring Field,New Cicily
-1732690820,CURRY,Tammy,29927,Thirteenth,Spring Field,New Cicily
653291753,DAVILA,Mildred,10533,First,Spring Field,New Cicily
-10583820,GUERRA,Johnathan,27863,Columbine,Spring Field,New Cicily
148281986,HALEY,Seth,7643,Delaware,Spring Field,New Cicily
-1249005131,KANE,Ronnie,19438,S 400,Spring Field,New Cicily
2112496602,GRAVES,Bob,4871,Evergreen,Spring Field,New Cicily
-1942230290,SALAZAR,Steven,4418,Third,Spring Field,New Cicily
-1776322272,JOHNS,Riley,27209,Smith,Spring Field,New Cicily
-2134728741,POTTS,Erica,18424,Dogwood,Spring Field,New Cicily
-195711638,ROSALES,Brian,23565,Pecan,Spring Field,New Cicily
564345188,HUMPHREY,Rebecca,24396,Wood,Spring Field,New Cicily
-2092261350,HANSON,Rita,17974,Washington,Spring Field,New Cicily
74195582,RAY,Mark,5364,Fifth,Spring Field,New Cicily
1512147505,FERNANDEZ,Douglas,19756,Bay,Spring Field,New Cicily
-1942770825,MORTON,Kari,6560,Center,Spring Field,New Cicily
1681436956,MCCARTY,Troy,897,Maple,Spring Field,New Cicily
-881982078,HARDING,Bryan,27345,Aloha,Spring Field,New Cicily
-1960874697,MERCER,Anna,28857,North,Spring Field,New Cicily
-1541204756,BENTON,Kristine,14248,Oak,Spring Field,New Cicily
69055573,LAMB,Earl,3688,Broadway,Spring Field,New Cicily
1532599536,HARDING,Alexandra,5525,Cottonwood,Spring Field,New Cicily
-1848380360,LOVE,Renee,23997,Spruce,Spring Field,New Cicily
76451442,SOTO,Lyle,2883,West,Spring Field,New Cicily
-104891659,ALVAREZ,Sara,10980,Shore,Spring Field,New Cicily
1525799314,CHAPMAN,Gina,12993,Sycamore,Spring Field,New Cicily
391274004,HARMON,Francisco,17877,Pinon,Spring Field,New Cicily
-1724417932,HODGE,Terry,20401,Maple,Spring Field,New Cicily
1936228229,PARRISH,Carla,26753,Evergreen,Spring Field,New Cicily
-785963615,GOODWIN,Franklin,18774,Laurel,Spring Field,New Cicily
2072850615,CONWAY,Ruth,22213,Mesquite,Spring Field,New Cicily
-1756760094,HOBBS,Sarah,25718,A,Spring Field,New Cicily
-1896067293,FRY,Loretta,23363,Hampton,Spring Field,New Cicily
1497889014,JOHNSON,Jamie,8177,Palo Verde,Spring Field,New Cicily
-1207934754,GREGORY,Kathleen,6380,Lehua,Spring Field,New Cicily
1840135681,FERRELL,Ethan,16867,First,Spring Field,New Cicily
-1089064158,DUNCAN,Theresa,5031,Hampton,Spring Field,New Cicily
1877506465,PENA,Genesis,7967,Evergreen,Spring Field,New Cicily
-1206146310,SCHROEDER,Troy,28754,Park,Spring Field,New Cicily
1734807698,BARAJAS,Dorothy,20364,First,Spring Field,New Cicily
-1566009553,MCCLURE,Angelina,18962,Thirteenth,Spring Field,New Cicily
-514252045,MONTES,Charles,411,Palo Verde,Spring Field,New Cicily
156984355,PATEL,Troy,8628,Birch,Spring Field,New Cicily
-1046676914,SEXTON,Angela,18294,Spruce,Spring Field,New Cicily
1865777000,BOYER,Brandy,9981,Narragansett,Spring Field,New Cicily
1318145760,MITCHELL,Bonnie,19376,Ridge,Spring Field,New Cicily
-1460430276,CASTILLO,Vernon,29757,Wood,Spring Field,New Cicily
1996110239,COOLEY,Sam,28035,Kukui,Spring Field,New Cicily
1301351222,CHEN,Jonathan,10461,Airport,Spring Field,New Cicily
668035427,JOYCE,Tracey,25061,Williams,Spring Field,New Cicily
555673670,MEDINA,Jeffrey,10236,Canyon,Spring Field,New Cicily
823975333,DAVIDSON,Sonya,20762,Apache,Spring Field,New Cicily
-138283028,FOWLER,Reginald,28147,County Line,Spring Field,New Cicily
630895966,SUAREZ,Sally,12124,Smith,Spring Field,New Cicily
8207486,GLASS,Jeanne,28801,Pecan,Spring Field,New Cicily
-2048898563,MEZA,Keith,9772,Meadow,Spring Field,New Cicily
-452426501,VILLARREAL,Patty,23154,Oak,Spring Field,New Cicily
2046610498,CASTRO,Jimmie,15594,Birch,Spring Field,New Cicily
1414576799,ELLISON,Hailey,4135,Hemlock,Spring Field,New Cicily
-317549449,DELEON,Amber,20002,First,Spring Field,New Cicily
1143300064,SAUNDERS,Robin,23919,Cherry,Spring Field,New Cicily
-1118862736,SPENCE,Frederick,5451,Hampton,Spring Field,New Cicily
73670154,WARREN,Brooke,28410,Mesquite,Spring Field,New Cicily
1439655140,FRANKLIN,Megan,26611,Fourth,Spring Field,New Cicily
-1737014813,WHITE,Sheri,13531,Kansas,Spring Field,New Cicily
-1108558023,CLEMENTS,Catherine,9525,Mesquite,Spring Field,New Cicily
-254605423,AGUILAR,Luis,19825,Cottonwood,Spring Field,New Cicily
-5872387,PATRICK,Carolyn,21395,Redwood,Spring Field,New Cicily
-1976184738,MELENDEZ,Jacob,21333,Mesquite,Spring Field,New Cicily
2071212400,MCKEE,Brian,27246,Park,Spring Field,New Cicily
-2018737585,DAY,Linda,28239,Park,Spring Field,New Cicily
-2081381733,DIAZ,James,16726,Fifth,Spring Field,New Cicily
-2001486460,BLACKBURN,Sally,11581,Thirteenth,Spring Field,New Cicily
-308002025,PARRISH,Stacey,21602,North,Spring Field,New Cicily
-2052071099,TATE,Katie,13529,Spruce,Spring Field,New Cicily
-1764882808,WEBER,Ricky,10678,Wilson,Spring Field,New Cicily
-1939868718,MCKAY,Louis,28106,Tenth,Spring Field,New Cicily
-1414722772,ALLISON,Kristie,568,Pine,Spring Field,New Cicily
367014482,ANDERSEN,Adrian,27190,Delaware,Spring Field,New Cicily
583077079,SPENCER,Bernard,4637,Tenth,Spring Field,New Cicily
1977950948,ERICKSON,Fred,10583,Walnut,Spring Field,New Cicily
663586512,MCNEIL,Samantha,24311,Ninth,Spring Field,New Cicily
2044784727,CARTER,Beth,22472,Lehua,Spring Field,New Cicily
-1753802227,DOWNS,Herman,21773,Pine,Spring Field,New Cicily
283318343,SHERMAN,Brandy,13070,Juniper,Spring Field,New Cicily
-41917821,LONG,Jeremy,19164,Laurel,Spring Field,New Cicily
-168283468,PACHECO,Sylvia,19834,Cherry,Spring Field,New Cicily
-2005219135,CARLSON,Austin,27170,Ridge,Spring Field,New Cicily
1538476037,ZAVALA,William,18621,N 400,Spring Field,New Cicily
1923733624,LEON,Patricia,21,Main,Spring Field,New Cicily
1128109141,PARRISH,Lillian,19029,Kahili,Spring Field,New Cicily
-10003280,FIELDS,Jaime,25967,Hickory,Spring Field,New Cicily
-522665944,HO,Elizabeth,29134,Malulani,Spring Field,New Cicily
-1527678324,SUTTON,Marilyn,5329,Fourth,Spring Field,New Cicily
1511788088,CERVANTES,Juan,22703,Redwood,Spring Field,New Cicily
309960661,HUYNH,Teresa,1031,A,Spring Field,New Cicily
-2089645508,HUDSON,Anna,4889,Lake,Spring Field,New Cicily
-465332667,SPARKS,Stanley,19061,Hill,Spring Field,New Cicily
1718823695,STEPHENSON,Kelly,7016,Ninth,Spring Field,New Cicily
2122587779,SIMON,Devon,24362,Fourth,Spring Field,New Cicily
807674368,BASS,Angela,983,Sunset,Spring Field,New Cicily
-1951094344,MENDEZ,Levi,22282,Williams,Spring Field,New Cicily
-1741759695,DURAN,Susan,22267,Church,Spring Field,New Cicily
2058433831,HEATH,Billy,14128,Pecan,Spring Field,New Cicily
-1602466130,WEBB,Samantha,29124,Evergreen,Spring Field,New Cicily
-1806432143,CAIN,Steve,3455,Fourth,Spring Field,New Cicily
-1412807851,JOHNSON,Fernando,9218,S 100,Spring Field,New Cicily
-1209046282,RUSH,Preston,17840,West,Spring Field,New Cicily
-1543629843,FLYNN,Michael,28982,Williams,Spring Field,New Cicily
551599135,DAVIS,Veronica,3687,Aloha,Spring Field,New Cicily
2042076636,GRAY,Daryl,15033,Smith,Spring Field,New Cicily
-57658737,CONWAY,Kelly,25756,Birch,Spring Field,New Cicily
2132507480,TERRY,Doris,25328,Ridge,Spring Field,New Cicily
57272920,NORRIS,Devon,16448,Orchard,Spring Field,New Cicily
4793289,WADE,Don,18073,Shore,Spring Field,New Cicily
-1916377094,SCHAEFER,Mason,22705,Eleventh,Spring Field,New Cicily
997491967,MORRIS,Willie,283,Hampton,Spring Field,New Cicily
1091875396,BONILLA,Marissa,2974,Thirteenth,Spring Field,New Cicily
-563814932,BLEVINS,Ronald,7186,Columbine,Spring Field,New Cicily
-1710974334,WALLS,Terry,21781,Lincoln,Spring Field,New Cicily
-1145859820,SHAFFER,Matthew,22111,Pine,Spring Field,New Cicily
-23354026,BOYER,Sydney,28743,Maple,Spring Field,New Cicily
2013896220,WARD,Carly,25538,Cypress,Spring Field,New Cicily
253001934,BRYANT,Jeffery,8450,Malulani,Spring Field,New Cicily
638713955,ZUNIGA,Linda,7915,Airport,Spring Field,New Cicily
348897018,YOUNG,Kenneth,9416,Seventh,Spring Field,New Cicily
149993490,SALAS,Jack,20067,Broadway,Spring Field,New Cicily
-404394410,MCBRIDE,Lydia,29337,Evergreen,Spring Field,New Cicily
-2105013457,GREENE,Ryan,3840,Aloha,Spring Field,New Cicily
807212607,STEVENS,Barry,13088,Hillside,Spring Field,New Cicily
808090932,PACE,Angela,22081,Hillside,Spring Field,New Cicily
-1240943164,POLLARD,Mackenzie,26134,West,Spring Field,New Cicily
1509705067,HUTCHINSON,Jessie,3148,Walnut,Spring Field,New Cicily
2115657348,PAYNE,Danny,9876,Lakeview,Spring Field,New Cicily
-419797936,ESPINOZA,Kaitlyn,10676,Holly,Spring Field,New Cicily
143873868,SLOAN,Carl,23294,Pinon,Spring Field,New Cicily
813822624,SUMMERS,Clarence,22097,West,Spring Field,New Cicily
416065484,BOOKER,Garrett,2725,Navajo,Spring Field,New Cicily
-2088701027,TYLER,Gayle,29545,West,Spring Field,New Cicily
-310152652,CHERRY,Brian,24045,Meadow,Spring Field,New Cicily
-2016305946,MELENDEZ,Johnathan,18967,Juniper,Spring Field,New Cicily
-2144708693,MEJIA,Reginald,21895,Williams,Spring Field,New Cicily
-1646537485,SANCHEZ,Chad,13660,Cedar,Spring Field,New Cicily
-1747496926,RUSSO,Sally,21545,Park,Spring Field,New Cicily
-1704396629,BALDWIN,Jason,552,Spruce,Spring Field,New Cicily
-2090843329,EVANS,Christopher,27762,Birch,Spring Field,New Cicily
-240615854,JARVIS,Bernard,22399,Elm,Spring Field,New Cicily
-300011235,WALTERS,Helen,28260,First,Spring Field,New Cicily
-350866541,CERVANTES,Marvin,7565,Cottonwood,Spring Field,New Cicily
113423504,FRAZIER,Jay,7667,Williams,Spring Field,New Cicily
-305695768,PADILLA,Cynthia,26386,Quail,Spring Field,New Cicily
1794358359,SCHNEIDER,Deanna,10052,Evergreen,Spring Field,New Cicily
810878759,SKINNER,Kayla,8317,Malulani,Spring Field,New Cicily
1941633267,ARNOLD,Tim,19821,Dogwood,Spring Field,New Cicily
1986438983,DAY,Betty,17037,Mesquite,Spring Field,New Cicily
-1455873586,BRANDT,Kaitlyn,11909,Dogwood,Spring Field,New Cicily
1476579840,BURCH,Jennifer,18246,Sixth,Spring Field,New Cicily
253965937,SANCHEZ,Andre,16397,Maple,Spring Field,New Cicily
1459874008,WALLS,Stanley,8768,Pine,Spring Field,New Cicily
871200036,MCINTOSH,Connie,16007,Aspen,Spring Field,New Cicily
-1249621128,CHOI,Ronald,12055,Pinon,Spring Field,New Cicily
803320640,COX,Andrew,29510,Canyon,Spring Field,New Cicily
337395808,MASON,Kenneth,27561,North,Spring Field,New Cicily
37641390,MORTON,Donna,29549,Elm,Spring Field,New Cicily
-1247311916,CHAVEZ,Zachary,8860,Johnson,Spring Field,New Cicily
156055878,REESE,Felicia,20767,Hill,Spring Field,New Cicily
2117063508,CRANE,Donna,4051,Broadway,Spring Field,New Cicily
-153001084,CURRY,Cynthia,25179,West,Spring Field,New Cicily
1321421311,MONTOYA,Alexandria,10577,Broadway,Spring Field,New Cicily
-2060842333,FLOYD,Holly,3371,Hemlock,Spring Field,New Cicily
-227116472,FARRELL,Taylor,18900,Aspen,Spring Field,New Cicily
-2052280465,ODOM,Karen,23163,Holly,Spring Field,New Cicily
-411782930,CARPENTER,Peyton,23163,Walnut,Spring Field,New Cicily
110978075,MCDOWELL,Brett,6947,Narragansett,Spring Field,New Cicily
-587051328,HUFFMAN,Leslie,18192,Palo Verde,Spring Field,New Cicily
-983726585,HENDERSON,Kathleen,21896,Wilson,Spring Field,New Cicily
1608931974,CLINE,Bianca,26457,Pinon,Spring Field,New Cicily
1738731797,MERCADO,Erik,12309,Lake,Spring Field,New Cicily
248383362,WERNER,Betty,14645,Johnson,Spring Field,New Cicily
1508355677,ACEVEDO,Angel,23234,Kansas,Spring Field,New Cicily
140390822,GOULD,Kent,14238,N 400,Spring Field,New Cicily
1818526301,LARSON,Anthony,17758,Hickory,Spring Field,New Cicily
1950818696,PACHECO,David,5937,Evergreen,Spring Field,New Cicily
-550061698,DAVID,Dustin,22034,Williams,Spring Field,New Cicily
-1110056533,WALLS,Daniel,11547,Johnson,Spring Field,New Cicily
41574024,KANE,Brandon,7598,Fifth,Spring Field,New Cicily
32640949,MOON,Bradley,26436,Birch,Spring Field,New Cicily
-908727683,PRUITT,Austin,15188,Evergreen,Spring Field,New Cicily
-14822317,WOODARD,David,10248,Hampton,Spring Field,New Cicily
-261717043,COFFEY,David,2688,Sixth,Spring Field,New Cicily
-1146885724,NORTON,Kendra,7796,Sycamore,Spring Field,New Cicily
557951685,WILCOX,Timothy,15206,Lee,Spring Field,New Cicily
73958240,HAAS,Joel,19031,S 100,Spring Field,New Cicily
1484066642,HANCOCK,Leon,1577,A,Spring Field,New Cicily
531967753,LUTZ,Adrian,26059,Mesquite,Spring Field,New Cicily
312261168,COLE,Marissa,24714,Main,Spring Field,New Cicily
77614034,OLSEN,Jim,3830,Kansas,Spring Field,New Cicily
-1905423420,NORMAN,Tony,5411,Lakeview,Spring Field,New Cicily
63419125,LEE,Alan,28032,Pioneer,Spring Field,New Cicily
-377135041,BAXTER,Andre,29260,Quail,Spring Field,New Cicily
1307260407,COLEMAN,Christina,21156,West,Spring Field,New Cicily
734007687,VAUGHN,Marvin,17327,Oak,Spring Field,New Cicily
-814026043,ENGLISH,Joel,870,Dogwood,Spring Field,New Cicily
-2062822322,ROBINSON,Brent,12755,Sunset,Spring Field,New Cicily
103453901,ELLISON,Russell,7376,Kansas,Spring Field,New Cicily
849190595,GONZALEZ,Kiara,5982,Cypress,Spring Field,New Cicily
-2064627852,PITTS,Haley,16809,Sycamore,Spring Field,New Cicily
-415979128,GIBSON,Glenda,27318,Ninth,Spring Field,New Cicily
-785986702,BOYD,Doreen,8084,Hampton,Spring Field,New Cicily
1967887264,KOCH,Andre,21210,Aloha,Spring Field,New Cicily
205052358,BARRY,Breanna,29904,Apache,Spring Field,New Cicily
112245281,ELLIOTT,Marjorie,12024,Fifth,Spring Field,New Cicily
2145737691,FARLEY,Rose,25131,Hillside,Spring Field,New Cicily
-1015639258,MORSE,Debbie,18348,Sixth,Spring Field,New Cicily
1382049276,MONTOYA,Shelia,19812,Aloha,Spring Field,New Cicily
1253732057,HOUSE,Katrina,26248,Meadow,Spring Field,New Cicily
1951517907,CHARLES,Maxwell,20920,Cedar,Spring Field,New Cicily
-2093093166,ATKINS,Eugene,25398,Magnolia,Spring Field,New Cicily
-616580752,KING,Mitchell,18466,Sixth,Spring Field,New Cicily
-246246291,PETERSON,Jocelyn,22756,Narragansett,Spring Field,New Cicily
1616076840,COOK,Michelle,24218,Lincoln,Spring Field,New Cicily
-587989382,COLEMAN,Danny,2752,Willow,Spring Field,New Cicily
1652119822,LYNCH,Tristan,24831,Delaware,Spring Field,New Cicily
-1753371456,TOWNSEND,Tonya,16897,S 400,Spring Field,New Cicily
-2057171609,VILLEGAS,Gary,20072,Birch,Spring Field,New Cicily
112848655,BRANCH,Randy,23208,Ridge,Spring Field,New Cicily
-807578552,BARRETT,Daniel,27840,Center,Spring Field,New Cicily
38435149,BROWN,Rosemary,22575,Highland,Spring Field,New Cicily
31592010,MONROE,Diane,4913,Ridge,Spring Field,New Cicily
-1052839103,SAVAGE,Andrea,26348,Sixth,Spring Field,New Cicily
-1992042018,BIRD,Megan,7011,Delaware,Spring Field,New Cicily
1612134230,BOYD,Chelsea,17284,Evergreen,Spring Field,New Cicily
-1950595829,FISCHER,Mckenzie,19402,Juniper,Spring Field,New Cicily
1306497005,HENDRICKS,Gina,13100,Maple,Spring Field,New Cicily
-1996816003,WOODS,Jesse,17607,Malulani,Spring Field,New Cicily
2000005942,HART,Brady,29144,Aloha,Spring Field,New Cicily
128324284,HANCOCK,Willie,1308,Hillside,Spring Field,New Cicily
1616037008,BEAN,Michelle,16570,Cypress,Spring Field,New Cicily
-1390413909,MAY,Wesley,20188,Pinon,Spring Field,New Cicily
-128505931,GALVAN,Edwin,24582,Smith,Spring Field,New Cicily
331812943,MCKINNEY,Corey,16866,S 100,Spring Field,New Cicily
77093365,SOLIS,Elaine,28047,Elm,Spring Field,New Cicily
-829967061,KAUFMAN,Xavier,20343,Cottonwood,Spring Field,New Cicily
513956536,SANTIAGO,Cindy,6745,Palo Verde,Spring Field,New Cicily
-1788338450,PENA,Martin,20060,Thirteenth,Spring Field,New Cicily
-2081299962,BASS,Jared,9789,Second,Spring Field,New Cicily
-1645696084,DOWNS,Wayne,28122,River,Spring Field,New Cicily
-1455384610,WELLS,Jeanette,19610,Walnut,Spring Field,New Cicily
-608232343,MONTOYA,Lester,22134,Quail,Spring Field,New Cicily
-480952189,ATKINS,Bernard,9303,Twelfth,Spring Field,New Cicily
-1051796539,HENDERSON,Chase,9639,Main,Spring Field,New Cicily
2145108236,HURLEY,Zoe,27057,A,Spring Field,New Cicily
-1264665190,WOLF,Cheyenne,9374,Sycamore,Spring Field,New Cicily
266462053,GRAY,Kenneth,13998,Washington,Spring Field,New Cicily
2064839936,CONLEY,Jack,27402,Aloha,Spring Field,New Cicily
-517492098,JENNINGS,Joseph,6125,Park,Spring Field,New Cicily
868314982,DIXON,Andrew,3899,Hickory,Spring Field,New Cicily
2000302766,MOSS,Brett,5632,Kansas,Spring Field,New Cicily
1909452137,PATRICK,Barry,8427,Magnolia,Spring Field,New Cicily
-1830118911,REESE,Penny,5795,Fifth,Spring Field,New Cicily
-1562238905,HOUSTON,Cassandra,10485,Cedar,Spring Field,New Cicily
-86111602,BOWMAN,Keith,23440,Cypress,Spring Field,New Cicily
-571900297,TYLER,Selena,26628,Meadow,Spring Field,New Cicily
-496852023,STOUT,Sharon,4215,Hillside,Spring Field,New Cicily
-1670524578,WALTON,Jada,26431,Evergreen,Spring Field,New Cicily
-1817595076,DIAZ,Shawn,11461,Aspen,Spring Field,New Cicily
125962540,BAILEY,Sally,12965,Sycamore,Spring Field,New Cicily
-803306388,LARSEN,Lindsey,13699,Highland,Spring Field,New Cicily
143777029,DAVIS,Rick,21702,Walnut,Spring Field,New Cicily
1841950459,WILLIAMS,Joyce,26252,Wood,Spring Field,New Cicily
348679828,HANSEN,Tyler,26746,Tenth,Spring Field,New Cicily
1203651120,WHITEHEAD,Ivan,19389,Pleasant,Spring Field,New Cicily
136146808,ALLEN,Luis,15970,Navajo,Spring Field,New Cicily
547104680,BEASLEY,Anne,23916,Laurel,Spring Field,New Cicily
1296196522,WIGGINS,Sandra,9195,Eleventh,Spring Field,New Cicily
331939010,LUCAS,Bridget,9062,Hampton,Spring Field,New Cicily
264447316,OSBORN,Carrie,25626,Twelfth,Spring Field,New Cicily
-1909296477,FORD,Paula,23111,Holly,Spring Field,New Cicily
-1804705015,PUGH,Susan,12945,Willow,Spring Field,New Cicily
2087971857,FOLEY,Clara,13269,Ridge,Spring Field,New Cicily
125225110,ADAMS,Adam,13514,Pioneer,Spring Field,New Cicily
-2136497006,DANIELS,Sue,8371,Oak,Spring Field,New Cicily
1004354842,SHEA,Aubrey,26519,N 400,Spring Field,New Cicily
-1894168268,NICHOLSON,Brandi,21274,S 100,Spring Field,New Cicily
1515759871,MORAN,Bennie,2006,Main,Spring Field,New Cicily
1624962192,MANNING,Jack,17264,Cottonwood,Spring Field,New Cicily
-1875611185,OSBORN,Rick,4764,Hickory,Spring Field,New Cicily
-767741242,ARROYO,Gerard,23559,Pinon,Spring Field,New Cicily
2106456253,BLACKWELL,Logan,27267,Airport,Spring Field,New Cicily
322823595,INGRAM,Rosie,23081,West,Spring Field,New Cicily
-2068314836,HART,Jonah,24522,Magnolia,Spring Field,New Cicily
-334686604,SCOTT,Antonio,14882,Quail,Spring Field,New Cicily
512301385,JOSEPH,Melvin,12792,Pine,Spring Field,New Cicily
-1745277100,HERNANDEZ,Gloria,13122,Broadway,Spring Field,New Cicily
1177814111,MARTIN,Debbie,7330,Lake,Spring Field,New Cicily
1698513289,RAMIREZ,Rachael,25399,Church,Spring Field,New Cicily
-464539864,STARK,Sierra,23507,Hemlock,Spring Field,New Cicily
637181721,DUNCAN,Wesley,18545,A,Spring Field,New Cicily
-227535677,DUNLAP,Danny,13092,Jackson,Spring Field,New Cicily
-2134591603,ROLLINS,Cole,15816,Apache,Spring Field,New Cicily
526004000,RICHARD,Phillip,26492,Third,Spring Field,New Cicily
-2048927199,CHOI,Kerry,4309,Meadow,Spring Field,New Cicily
-1709062464,SANTANA,Ann,28591,Park,Spring Field,New Cicily
-1861518474,PINEDA,Leon,1793,Laurel,Spring Field,New Cicily
1270722150,HUYNH,Dominic,20311,Twelfth,Spring Field,New Cicily
-1113982578,MATTHEWS,Ethel,25800,Hickory,Spring Field,New Cicily
-1904114285,DAVIS,Nancy,18326,Hill,Spring Field,New Cicily
1622040509,WALL,Laurie,17257,Kahili,Spring Field,New Cicily
-871274971,ELLIOTT,Eric,10399,Johnson,Spring Field,New Cicily
2050047121,RANGEL,Christina,4167,Ninth,Spring Field,New Cicily
-1815200539,MCDOWELL,John,16425,Twelfth,Spring Field,New Cicily
1620039461,HOFFMAN,Nicholas,1990,Eleventh,Spring Field,New Cicily
-1898438241,FRENCH,Randall,21949,Meadow,Spring Field,New Cicily
209755203,WEBSTER,Francisco,15304,Delaware,Spring Field,New Cicily
1407634974,CRAWFORD,William,14820,River,Spring Field,New Cicily
1643718706,YODER,Fredrick,6319,Fifth,Spring Field,New Cicily
-1743183758,MAHONEY,Audrey,14185,Pioneer,Spring Field,New Cicily
148802533,KRAMER,Carlos,5706,Church,Spring Field,New Cicily
68113612,KING,Dave,4755,Williams,Spring Field,New Cicily
-508495184,CAREY,Sherri,8734,Narragansett,Spring Field,New Cicily
-2057060442,JONES,Holly,15329,Pine,Spring Field,New Cicily
577432342,BERNARD,Felicia,24649,S 400,Spring Field,New Cicily
960946737,KENNEDY,Derrick,1583,Highland,Spring Field,New Cicily
608559218,GAMBLE,Richard,4124,County Line,Spring Field,New Cicily
-1134072207,RODRIGUEZ,Hector,11083,Pine,Spring Field,New Cicily
-287716934,BRANDT,David,12931,Navajo,Spring Field,New Cicily
752752655,TRAN,Alicia,12992,Pioneer,Spring Field,New Cicily
2064166971,HUYNH,Bobby,15155,Eighth,Spring Field,New Cicily
1344089099,HENDERSON,Alexandra,27044,Ninth,Spring Field,New Cicily
2043431732,ZUNIGA,Melanie,14410,Seventh,Spring Field,New Cicily
-197188136,GOLDEN,Billy,18336,Columbine,Spring Field,New Cicily
-2068459711,HEATH,Helen,7655,Shore,Spring Field,New Cicily
1804450161,CHAN,Brandi,29035,Walnut,Spring Field,New Cicily
1580647795,VILLARREAL,Tamara,840,Laurel,Spring Field,New Cicily
2124161587,QUINN,Diane,28617,Pecan,Spring Field,New Cicily
887955597,LI,Josephine,28074,Mountain View,Spring Field,New Cicily
-868255671,HENSON,Jonathan,8878,Broadway,Spring Field,New Cicily
232859011,SOLIS,Brendan,16404,Palo Verde,Spring Field,New Cicily
-1817045158,WARD,Shane,19821,Hemlock,Spring Field,New Cicily
1158946980,WAGNER,Monica,28545,Lincoln,Spring Field,New Cicily
-1788274975,RIOS,Martin,27268,Laurel,Spring Field,New Cicily
148263913,HALEY,Sean,9273,Maple,Spring Field,New Cicily
-1433254421,RILEY,Walter,23699,Mesquite,Spring Field,New Cicily
282403679,MONROE,Mason,11487,Redwood,Spring Field,New Cicily
1330497053,ELLIOTT,Laura,27609,Aspen,Spring Field,New Cicily
-262127800,DUKE,Monique,15694,Twelfth,Spring Field,New Cicily
-146369416,SMITH,Juliana,9090,Pinon,Spring Field,New Cicily
-1451840726,SHERMAN,Erik,505,Spruce,Spring Field,New Cicily
-995701421,CLARKE,Patrick,15387,Third,Spring Field,New Cicily
33757983,GALLEGOS,Russell,7564,Tenth,Spring Field,New Cicily
797060257,FLOWERS,Danielle,7814,Palo Verde,Spring Field,New Cicily
1825533429,NOLAN,Abraham,18423,Oak,Spring Field,New Cicily
222662262,SHEPHERD,Ivan,29621,Pioneer,Spring Field,New Cicily
1222000913,BARBER,Charlotte,6655,Broadway,Spring Field,New Cicily
-1860855814,PRINCE,Dana,21875,Main,Spring Field,New Cicily
122247768,AUSTIN,Shane,16041,Hemlock,Spring Field,New Cicily
-1390550621,RIVERS,Veronica,20269,Park,Spring Field,New Cicily
-966951699,MASSEY,Zachary,1360,River,Spring Field,New Cicily
-453554489,HUYNH,Elizabeth,6736,Hillside,Spring Field,New Cicily
-168419811,RICHARD,Jason,21409,Pinon,Spring Field,New Cicily
2126468928,HARVEY,Tom,9946,Cherry,Spring Field,New Cicily
777167350,CARDENAS,Ian,11288,Kahili,Spring Field,New Cicily
89111124,OSBORN,Devin,9108,Pecan,Spring Field,New Cicily
-1107658948,HANSON,Philip,19128,Cherry,Spring Field,New Cicily
142527698,JOHNS,Jose,16935,Orchard,Spring Field,New Cicily
1265933740,VASQUEZ,Marilyn,4263,Ninth,Spring Field,New Cicily
-2004542634,SIMON,Janis,16708,Dogwood,Spring Field,New Cicily
1667888705,MCCLAIN,Eric,14473,Meadow,Spring Field,New Cicily
-635172354,RAYMOND,Clarence,4858,Hemlock,Spring Field,New Cicily
-2069596592,DAVIES,Esther,9593,Kansas,Spring Field,New Cicily
886955054,GORDON,Kristen,27698,Juniper,Spring Field,New Cicily
-1567581198,BENSON,Amanda,10298,Navajo,Spring Field,New Cicily
2133821735,SCHAEFER,Doris,15512,County Line,Spring Field,New Cicily
70907456,LONG,Gail,15501,Second,Spring Field,New Cicily
1522106626,AUSTIN,Anthony,16184,Delaware,Spring Field,New Cicily
383030732,COOPER,Micheal,7557,Hampton,Spring Field,New Cicily
-436256540,ESCOBAR,Marilyn,769,Thirteenth,Spring Field,New Cicily
409632214,JENSEN,Tyler,25741,Canyon,Spring Field,New Cicily
2096847746,ANDREWS,Karen,25333,Narragansett,Spring Field,New Cicily
1998112343,ROY,Brian,22159,Center,Spring Field,New Cicily
762165456,WAGNER,Martha,20773,Pioneer,Spring Field,New Cicily
298160279,SAWYER,Haley,20039,Eighth,Spring Field,New Cicily
1783167105,BREWER,Nicholas,17386,Ninth,Spring Field,New Cicily
-124271272,PRINCE,Brandy,1857,Twelfth,Spring Field,New Cicily
-1713036531,MARTIN,Thelma,21587,A,Spring Field,New Cicily
1329097542,GOODWIN,Maurice,15870,Tenth,Spring Field,New Cicily
-102614819,JARVIS,Carla,24341,Airport,Spring Field,New Cicily
474875317,AGUIRRE,Andrea,16979,Elm,Spring Field,New Cicily
-504307157,GREEN,Sherri,5770,Willow,Spring Field,New Cicily
-788154766,BAUTISTA,Rita,25871,Eleventh,Spring Field,New Cicily
-1573897196,BENDER,Alyssa,20321,S 400,Spring Field,New Cicily
-1823015757,WARE,Sarah,21561,Hampton,Spring Field,New Cicily
307995997,VALDEZ,Theodore,19113,Sycamore,Spring Field,New Cicily
2036683683,CHURCH,Brayden,987,Juniper,Spring Field,New Cicily
-1549584195,CAMPBELL,Natalie,14615,Fourth,Spring Field,New Cicily
152458482,RUSSO,Mary,9725,Malulani,Spring Field,New Cicily
-1116748176,MIDDLETON,Kim,9575,Sunset,Spring Field,New Cicily
1444150940,DILLON,Sherry,29863,Wilson,Spring Field,New Cicily
831781859,EVANS,Alyssa,17553,Hillside,Spring Field,New Cicily
253382250,GARCIA,Robyn,23361,Williams,Spring Field,New Cicily
-741598015,BROWNING,Pedro,26980,Lee,Spring Field,New Cicily
824785267,ADAMS,Clayton,21596,Narragansett,Spring Field,New Cicily
-1648721398,LEVINE,Maurice,7032,Pecan,Spring Field,New Cicily
1689802798,TERRY,Chelsey,5080,Wood,Spring Field,New Cicily
497958800,BENITEZ,Roy,16083,Oak,Spring Field,New Cicily
-559031475,CISNEROS,Alexander,7651,Mesquite,Spring Field,New Cicily
-336342949,ARCHER,Louise,13311,Ninth,Spring Field,New Cicily
1830785645,DILLON,Caitlyn,8163,Canyon,Spring Field,New Cicily
264158020,MARSHALL,Rebecca,11033,Highland,Spring Field,New Cicily
436257380,KELLER,Claire,23854,Williams,Spring Field,New Cicily
2090829772,LEWIS,Cindy,17262,Eighth,Spring Field,New Cicily
654137157,GENTRY,Isabella,7846,Hemlock,Spring Field,New Cicily
-79205979,GENTRY,Victor,16963,Bay,Spring Field,New Cicily
29411034,GUTIERREZ,Mason,10217,Shore,Spring Field,New Cicily
245180679,HOWE,Joseph,5373,Tenth,Spring Field,New Cicily
1320186644,CHASE,Geraldine,18247,Mountain View,Spring Field,New Cicily
-158385046,ACOSTA,Jaime,28733,Juniper,Spring Field,New Cicily
-362543927,HAWKINS,Tracy,18918,Cypress,Spring Field,New Cicily
-1945443702,MILLS,Linda,14779,Birch,Spring Field,New Cicily
-5878673,HINTON,Henry,28869,Orchard,Spring Field,New Cicily
1318772602,HENDRICKS,Troy,27653,Johnson,Spring Field,New Cicily
150279275,RUSSO,June,8568,N 400,Spring Field,New Cicily
916351710,PATTERSON,Roger,14777,Highland,Spring Field,New Cicily
294419760,GILES,Joanne,4281,Sixth,Spring Field,New Cicily
-1894103944,HOLMES,Kenneth,24416,Maple,Spring Field,New Cicily
71192136,HOGAN,Ida,23854,Orchard,Spring Field,New Cicily
158292709,ROBERTS,Hayden,23256,Willow,Spring Field,New Cicily
234273051,SPEARS,Reginald,23881,Delaware,Spring Field,New Cicily
134728129,BANKS,Jose,18721,Second,Spring Field,New Cicily
-1516176390,BLAKE,Frances,602,Jackson,Spring Field,New Cicily
301235696,WALTER,Debra,25331,Eighth,Spring Field,New Cicily
-2073246441,WINTERS,Brendan,13999,Hillside,Spring Field,New Cicily
4812493,HOLT,Sue,8434,Wood,Spring Field,New Cicily
1988706726,CHANEY,Ann,5837,Cedar,Spring Field,New Cicily
-1191879467,BOYD,Dalton,4339,Cottonwood,Spring Field,New Cicily
2057812108,ACOSTA,Nichole,9211,Redwood,Spring Field,New Cicily
1853079824,COCHRAN,Harriet,15727,Lake,Spring Field,New Cicily
869938587,LYNN,Yvonne,18917,Johnson,Spring Field,New Cicily
135521595,ROSS,Taylor,19301,Airport,Spring Field,New Cicily
-3941116,WIGGINS,Julia,16216,Columbine,Spring Field,New Cicily
2139553912,FERGUSON,Katelyn,5835,Pioneer,Spring Field,New Cicily
-1968216984,WOODS,Kerry,18551,North,Spring Field,New Cicily
-1692811601,CALDWELL,Bryan,23525,Walnut,Spring Field,New Cicily
-403391203,ADKINS,Andre,12818,Canyon,Spring Field,New Cicily
-618433096,THORNTON,Stephen,13255,Mountain View,Spring Field,New Cicily
-1744965700,POLLARD,Julia,2093,Cherry,Spring Field,New Cicily
-1899312635,SHEPPARD,Kelly,18750,Hickory,Spring Field,New Cicily
-1878678944,HARDING,Aubrey,354,Pine,Spring Field,New Cicily
173378144,DURHAM,Randy,7638,Ninth,Spring Field,New Cicily
333911408,RAMSEY,Jimmy,29527,Delaware,Spring Field,New Cicily
-1765739094,SUTTON,Juan,5248,Second,Spring Field,New Cicily
-471234694,CLINE,Juanita,27536,Seventh,Spring Field,New Cicily
2094937577,QUINN,Chloe,14524,Shore,Spring Field,New Cicily
-2112798845,GRAVES,Joel,10954,Malulani,Spring Field,New Cicily
-1708314795,WELCH,Martha,4788,Wood,Spring Field,New Cicily
-574031003,BYRD,Sharon,24143,Malulani,Spring Field,New Cicily
820282694,MCKAY,Alexis,14562,Third,Spring Field,New Cicily
-1904551399,CRANE,Nancy,8050,Navajo,Spring Field,New Cicily
2137871485,LONG,Glenn,13980,Eighth,Spring Field,New Cicily
-2099782125,HARVEY,Jack,10230,Williams,Spring Field,New Cicily
137077773,BAKER,Mark,12307,Redwood,Spring Field,New Cicily
578455899,MORRISON,Dan,5872,Redwood,Spring Field,New Cicily
1977018066,WALKER,Sharon,5750,Hampton,Spring Field,New Cicily
-2048932600,LAMB,Keith,22968,Elm,Spring Field,New Cicily
261175115,ORR,Eugene,20128,Cypress,Spring Field,New Cicily
-2087971759,CONTRERAS,Nicholas,28591,Center,Spring Field,New Cicily
-586795656,CUMMINGS,Tammy,29454,Malulani,Spring Field,New Cicily
143892442,GATES,Omar,17757,First,Spring Field,New Cicily
-2007940075,KELLER,Luis,18453,Jackson,Spring Field,New Cicily
465475945,MURRAY,Mckenzie,12088,Pecan,Spring Field,New Cicily
329597595,HAYNES,Manuel,14923,A,Spring Field,New Cicily
1985695761,JOHNSTON,Rachel,12541,Quail,Spring Field,New Cicily
-2050533703,LESTER,Kim,13103,Pleasant,Spring Field,New Cicily
1006241174,TRAN,Audrey,23269,Main,Spring Field,New Cicily
-358896250,HORN,Kirsten,19465,Second,Spring Field,New Cicily
-118346425,DAWSON,Holly,4849,Dogwood,Spring Field,New Cicily
-1303023403,BARRERA,Barbara,1487,Delaware,Spring Field,New Cicily
-919302563,JENKINS,Neil,14811,Laurel,Spring Field,New Cicily
-619493162,TERRY,Fernando,2138,Lincoln,Spring Field,New Cicily
-1227908234,LEBLANC,Mason,27533,Fifth,Spring Field,New Cicily
-1365477132,HARMON,Angela,3590,Malulani,Spring Field,New Cicily
684461533,CALDWELL,Tina,18671,Cedar,Spring Field,New Cicily
41880635,JUAREZ,Christopher,23302,Kansas,Spring Field,New Cicily
-1567800702,PEREZ,Kristopher,14588,Meadow,Spring Field,New Cicily
2017858375,BARBER,Dale,29859,Eleventh,Spring Field,New Cicily
43438014,REEVES,Bethany,4526,Juniper,Spring Field,New Cicily
200183743,MONROE,Jerry,10736,Tenth,Spring Field,New Cicily
1581264806,CARR,Tristan,14959,Park,Spring Field,New Cicily
-2022653426,PACHECO,Harold,579,Wilson,Spring Field,New Cicily
-2067875376,BECKER,Gregory,1843,Meadow,Spring Field,New Cicily
234931006,WILLIS,Ariel,13376,Broadway,Spring Field,New Cicily
939644637,MCINTOSH,Micheal,27952,Eleventh,Spring Field,New Cicily
-1908799593,WEST,Paula,113,Second,Spring Field,New Cicily
-1010027163,BENTLEY,Warren,26935,Wood,Spring Field,New Cicily
-315051871,WILLIAMSON,Martha,21707,Sycamore,Spring Field,New Cicily
-1823379121,BARAJAS,Savannah,16525,Seventh,Spring Field,New Cicily
949016748,WALLS,Pamela,1903,S 400,Spring Field,New Cicily
-1551946306,ASHLEY,Andrew,20012,First,Spring Field,New Cicily
-2095978425,BRADY,Glenn,7942,Hill,Spring Field,New Cicily
-1931231207,BYRD,Harvey,11885,Palo Verde,Spring Field,New Cicily
-772825950,LEE,Rebecca,6145,Holly,Spring Field,New Cicily
304109089,ADAMS,Jordan,411,Eleventh,Spring Field,New Cicily
-2011162535,KOCH,Logan,23104,First,Spring Field,New Cicily
-221302486,MCGRATH,Sally,10764,Narragansett,Spring Field,New Cicily
2000336613,KHAN,Brian,434,Dogwood,Spring Field,New Cicily
74845370,CHAVEZ,Paige,19576,A,Spring Field,New Cicily
-1615061597,CANTU,Connor,18372,Sycamore,Spring Field,New Cicily
-2002885009,MEJIA,Carlos,10266,Kansas,Spring Field,New Cicily
542516107,WRIGHT,Lance,3539,Center,Spring Field,New Cicily
-2068027689,MOON,Jorge,9343,Third,Spring Field,New Cicily
-2144767434,MCKEE,Reginald,10856,Main,Spring Field,New Cicily
-2086499090,WILEY,Gavin,27533,Juniper,Spring Field,New Cicily
-2005321478,ROMAN,James,14750,Second,Spring Field,New Cicily
-2128643508,GIBSON,Bill,3087,Hillside,Spring Field,New Cicily
1042117232,CUMMINGS,Diamond,19129,Wood,Spring Field,New Cicily
447067586,MOLINA,Hector,23714,Ridge,Spring Field,New Cicily
-152669839,DAVID,Cynthia,19786,Lee,Spring Field,New Cicily
502182131,DONOVAN,Karen,1879,Malulani,Spring Field,New Cicily
-95341542,BENTON,Kerri,24358,Seventh,Spring Field,New Cicily
-1923661160,PITTMAN,Jesse,7421,Maple,Spring Field,New Cicily
-1326404197,CHANG,Wesley,8497,Pecan,Spring Field,New Cicily
1165789753,ARCHER,Rebecca,21475,Main,Spring Field,New Cicily
-681400381,BRIDGES,Regina,6311,Spruce,Spring Field,New Cicily
188765348,CALHOUN,Dennis,22013,Walnut,Spring Field,New Cicily
1376657280,HUGHES,Samuel,13898,S 400,Spring Field,New Cicily
148884409,PETTY,Kurt,18879,Redwood,Spring Field,New Cicily
-1557776471,MCCORMICK,Bobby,26154,Malulani,Spring Field,New Cicily
1909693271,GALLAGHER,Daniel,6798,Kansas,Spring Field,New Cicily
416186705,GUTIERREZ,Michael,17169,Wood,Spring Field,New Cicily
-1966966692,YATES,Kelly,29169,Sixth,Spring Field,New Cicily
1388714757,LAMBERT,Frederick,23072,Cypress,Spring Field,New Cicily
-2110401233,ROWLAND,Ruth,74,Columbine,Spring Field,New Cicily
-1934350253,BERRY,Mario,4313,Williams,Spring Field,New Cicily
-1780012785,FOLEY,Riley,7220,Holly,Spring Field,New Cicily
655705674,HUNTER,Richard,14888,Kansas,Spring Field,New Cicily
-1845110435,EVANS,Paula,19176,Hampton,Spring Field,New Cicily
929151172,HUFF,Arnold,3617,West,Spring Field,New Cicily
1960141830,MORALES,Max,19042,Canyon,Spring Field,New Cicily
362827230,KAUFMAN,Alejandra,11556,Hampton,Spring Field,New Cicily
-733096807,JOHNSTON,Brittany,20006,Malulani,Spring Field,New Cicily
1193387434,WARNER,Valerie,29685,Delaware,Spring Field,New Cicily
-1481660861,ARIAS,Regina,26248,Aloha,Spring Field,New Cicily
-1896653859,WARNER,Javier,12610,County Line,Spring Field,New Cicily
147698225,KELLY,Omar,13762,Second,Spring Field,New Cicily
-1424433825,SHORT,Curtis,12140,Broadway,Spring Field,New Cicily
-1176850430,NOBLE,Ronnie,17049,Second,Spring Field,New Cicily
-1343855127,VELASQUEZ,Miranda,15615,Fourth,Spring Field,New Cicily
1330557409,CAMACHO,Alan,27565,Twelfth,Spring Field,New Cicily
813488809,EWING,Alexis,29003,Fourth,Spring Field,New Cicily
1635658702,MCPHERSON,Robin,15865,Broadway,Spring Field,New Cicily
-467799454,GAMBLE,Lester,9890,Smith,Spring Field,New Cicily
-1675321614,WADE,Cooper,6167,Palo Verde,Spring Field,New Cicily
-2020085950,BOYLE,James,6155,Airport,Spring Field,New Cicily
-68261707,HAYNES,Natalie,9571,Wilson,Spring Field,New Cicily
-2072768984,COLON,Helen,24506,Wilson,Spring Field,New Cicily
2103771332,ROSARIO,Ray,13213,Lehua,Spring Field,New Cicily
81475737,SHARP,Tom,4484,Walnut,Spring Field,New Cicily
-1925116214,SILVA,Lynne,692,S 100,Spring Field,New Cicily
2088258368,BENSON,Nichole,16435,Pine,Spring Field,New Cicily
4389325,COBB,Joe,3111,Lake,Spring Field,New Cicily
911841285,ALEXANDER,Colleen,15224,Hill,Spring Field,New Cicily
-1163166756,BRIDGES,Laura,2390,A,Spring Field,New Cicily
-1152934557,LINDSEY,Kiara,17099,Evergreen,Spring Field,New Cicily
-2011546241,GRANT,Jerry,28513,Oak,Spring Field,New Cicily
1678793330,PEREZ,Catherine,13249,Malulani,Spring Field,New Cicily
-1031787853,CUMMINGS,Doris,1666,Mountain View,Spring Field,New Cicily
4515746,LOWE,Eva,8661,Pleasant,Spring Field,New Cicily
74121078,MOON,Joel,22338,West,Spring Field,New Cicily
-338459140,WATKINS,Frank,3524,Shore,Spring Field,New Cicily
-1337007725,CHARLES,Charlie,16300,Pecan,Spring Field,New Cicily
-1430278493,STRONG,Julian,13641,Johnson,Spring Field,New Cicily
1503566604,WEST,Charles,12689,Main,Spring Field,New Cicily
-1800850130,MITCHELL,Wesley,6621,Ridge,Spring Field,New Cicily
683247079,CALLAHAN,Kurt,7542,Main,Spring Field,New Cicily
1973044881,ROMERO,Shirley,27840,Kahili,Spring Field,New Cicily
83014021,BARR,Todd,6649,Mountain View,Spring Field,New Cicily
-1669588223,WILSON,Carl,16707,Cedar,Spring Field,New Cicily
1259704088,SPARKS,Daniel,20844,Third,Spring Field,New Cicily
-2067985090,HAYS,Joyce,5058,Evergreen,Spring Field,New Cicily
-998642012,DOUGHERTY,Randolph,20872,Thirteenth,Spring Field,New Cicily
-109263156,HUBBARD,Gabriela,19251,Jackson,Spring Field,New Cicily
210808104,WHITNEY,Scott,4879,Second,Spring Field,New Cicily
2028652608,HOLT,Craig,676,Hampton,Spring Field,New Cicily
1706871555,HIGGINS,Lisa,8506,A,Spring Field,New Cicily
1820026698,ROBINSON,George,22458,Narragansett,Spring Field,New Cicily
1906326295,GRIFFITH,Andres,23799,Broadway,Spring Field,New Cicily
-766115326,ALLISON,Shelly,18669,Magnolia,Spring Field,New Cicily
799467149,FRENCH,Willie,7129,Sixth,Spring Field,New Cicily
247922242,GOODMAN,Nathaniel,24843,West,Spring Field,New Cicily
-1320875080,MAYER,Monica,25108,Malulani,Spring Field,New Cicily
-104315813,BLACKBURN,Jada,15246,Third,Spring Field,New Cicily
-498562123,SOLOMON,Tyrone,23070,Twelfth,Spring Field,New Cicily
2065949269,WARNER,Roberta,10494,Hill,Spring Field,New Cicily
1854293476,GREEN,Gloria,3527,Broadway,Spring Field,New Cicily
-704586101,HAWKINS,Johnathan,18683,Center,Spring Field,New Cicily
144207122,BOYER,Tina,12690,Thirteenth,Spring Field,New Cicily
-1806406112,HOWE,Stacy,8464,Lincoln,Spring Field,New Cicily
-308722151,FRAZIER,Anthony,18964,Columbine,Spring Field,New Cicily
-1719907497,NIELSEN,Sydney,5872,Lake,Spring Field,New Cicily
832275390,HAMILTON,Jill,13215,Lehua,Spring Field,New Cicily
-687455400,REYES,Samuel,2015,Mesquite,Spring Field,New Cicily
-533940907,SPARKS,Patrick,26001,Jackson,Spring Field,New Cicily
159410247,THOMPSON,Linda,29735,Walnut,Spring Field,New Cicily
-995270937,HARRIS,Kathryn,1294,Fifth,Spring Field,New Cicily
1787793017,YATES,Lorraine,27598,Sixth,Spring Field,New Cicily
1997933066,WU,Brett,28796,North,Spring Field,New Cicily
-217423207,DAY,Cynthia,8586,Oak,Spring Field,New Cicily
1820905515,HOUSTON,Max,27899,Navajo,Spring Field,New Cicily
-623212480,SANCHEZ,Desiree,10356,Quail,Spring Field,New Cicily
190914601,LESTER,Kelly,3570,Mesquite,Spring Field,New Cicily
233221661,DUNLAP,Manuel,286,Hillside,Spring Field,New Cicily
-1995414314,BALL,Marco,2578,Cedar,Spring Field,New Cicily
984209719,WASHINGTON,Adrianna,15648,Eleventh,Spring Field,New Cicily
-2049689449,COPELAND,Betty,27931,Hampton,Spring Field,New Cicily
1420844196,BALDWIN,Russell,14023,Smith,Spring Field,New Cicily
8820825,FINLEY,Julie,26606,Evergreen,Spring Field,New Cicily
-1355359371,MOYER,Benjamin,7640,Pinon,Spring Field,New Cicily
-1697539591,GRIMES,Veronica,11994,Main,Spring Field,New Cicily
331264657,DELGADO,Hannah,23101,Walnut,Spring Field,New Cicily
-1510190701,CHAVEZ,Kristine,9421,Evergreen,Spring Field,New Cicily
-818231619,KRUEGER,Deanna,12779,Redwood,Spring Field,New Cicily
1394751111,AYALA,Pauline,28736,Second,Spring Field,New Cicily
274127796,HARRINGTON,Jessie,25649,Third,Spring Field,New Cicily
1380506791,HUNTER,Adriana,6688,County Line,Spring Field,New Cicily
-1783264395,CHASE,Ricky,16315,Airport,Spring Field,New Cicily
1136704445,MASON,Philip,8957,County Line,Spring Field,New Cicily
65230252,AYERS,Pat,2532,Pine,Spring Field,New Cicily
173841816,COOPER,Shane,27764,Aspen,Spring Field,New Cicily
-726843587,RASMUSSEN,Lillian,5185,S 100,Spring Field,New Cicily
-1822091939,NICHOLSON,Gordon,2405,Pecan,Spring Field,New Cicily
2126782,RAY,Amy,1290,Hill,Spring Field,New Cicily
-2023764022,FUENTES,Eddie,4012,Navajo,Spring Field,New Cicily
915429633,PAYNE,Kendra,34,Hillside,Spring Field,New Cicily
920726516,HUDSON,Kristin,12156,Hampton,Spring Field,New Cicily
-1712679205,THOMPSON,Maurice,20454,Jackson,Spring Field,New Cicily
-340239412,MCCOY,Antonio,179,Dogwood,Spring Field,New Cicily
142831934,MOONEY,Henry,4834,Juniper,Spring Field,New Cicily
1652694578,RITTER,Sandra,24954,County Line,Spring Field,New Cicily
-501416859,HANNA,Shelley,18004,Aloha,Spring Field,New Cicily
82550231,WEISS,Jo,6022,Mountain View,Spring Field,New Cicily
2101794810,DUNLAP,Marc,6435,Williams,Spring Field,New Cicily
452168145,OSBORNE,Cassandra,21402,Cottonwood,Spring Field,New Cicily
-2127030787,ALLISON,Harold,14578,Eleventh,Spring Field,New Cicily
2114353006,BASS,Frank,24481,Fifth,Spring Field,New Cicily
700870831,FARRELL,Zachary,24168,Cottonwood,Spring Field,New Cicily
-1814568976,MCDOWELL,Kent,750,Fourth,Spring Field,New Cicily
690639483,WEBSTER,Ronald,1704,Walnut,Spring Field,New Cicily
1446088540,LE,Bertha,6241,Bay,Spring Field,New Cicily
-1558109931,BALLARD,Hannah,23900,Eleventh,Spring Field,New Cicily
-916248680,JENKINS,Felicia,15466,Hill,Spring Field,New Cicily
-1294683495,HARDING,George,4635,Mountain View,Spring Field,New Cicily
-2016144799,WEBB,Linda,3198,Walnut,Spring Field,New Cicily
-2071862130,DANIELS,Eric,1444,Shore,Spring Field,New Cicily
-93447480,HODGE,Janice,16440,Kahili,Spring Field,New Cicily
-1712537985,BYRD,Jeffrey,26018,Main,Spring Field,New Cicily
-1710667800,MOODY,Tonya,10653,Evergreen,Spring Field,New Cicily
977209400,MONTES,Vanessa,19729,Center,Spring Field,New Cicily
282291037,FIELDS,Marcia,567,Ridge,Spring Field,New Cicily
-12839507,ESTES,Sylvia,6197,Pioneer,Spring Field,New Cicily
-690743618,HENSLEY,Ellie,14806,Fourth,Spring Field,New Cicily
1857658841,WILLIAMS,Kayla,8775,Magnolia,Spring Field,New Cicily
2126762044,HORNE,Duane,19919,Seventh,Spring Field,New Cicily
1608084166,IBARRA,Sidney,21395,Apache,Spring Field,New Cicily
-2081401929,COOK,Jamie,22925,Ninth,Spring Field,New Cicily
-876208730,BEASLEY,Valeria,17526,Canyon,Spring Field,New Cicily
-981340057,LITTLE,Derrick,20760,Quail,Spring Field,New Cicily
-1073847367,SUMMERS,Dave,9704,Hampton,Spring Field,New Cicily
30484493,MURRAY,David,25472,Eighth,Spring Field,New Cicily
-1154652847,DELGADO,Kaitlyn,2599,Bay,Spring Field,New Cicily
427216354,ZAMORA,Tiffany,27897,Dogwood,Spring Field,New Cicily
128769466,CANTU,Carl,22215,Columbine,Spring Field,New Cicily
-1008599866,GREENE,Kathryn,18556,Malulani,Spring Field,New Cicily
2038158845,NIXON,Alice,18273,Thirteenth,Spring Field,New Cicily
383558405,HOUSE,Randall,24080,Williams,Spring Field,New Cicily
1999040732,BURGESS,Russell,14402,Hickory,Spring Field,New Cicily
-1217640830,PETERSON,Darlene,742,Narragansett,Spring Field,New Cicily
-732718173,JOHNSTON,Brittney,10528,Cottonwood,Spring Field,New Cicily
-1786828203,GATES,Randy,20953,Fifth,Spring Field,New Cicily
1148897655,STONE,Gilbert,2143,Pioneer,Spring Field,New Cicily
-479177481,WEBSTER,Bernice,12520,Quail,Spring Field,New Cicily
-1074857871,DECKER,Kristi,8712,Mesquite,Spring Field,New Cicily
1511650958,RANDALL,Nicholas,26779,First,Spring Field,New Cicily
143221634,HURST,Marc,205,Canyon,Spring Field,New Cicily
824748762,GILBERT,Mike,4148,Lincoln,Spring Field,New Cicily
-1727281936,CAMPBELL,Bethany,28998,Hill,Spring Field,New Cicily
51462837,BIRD,Brayden,445,Eighth,Spring Field,New Cicily
75414943,SOSA,Kurt,9900,Walnut,Spring Field,New Cicily
593199973,SANDOVAL,Frank,27095,Fifth,Spring Field,New Cicily
1181796530,IBARRA,Yesenia,18218,Church,Spring Field,New Cicily
-1959506983,MCCALL,Emma,4678,Sixth,Spring Field,New Cicily
139309734,BOWMAN,Sally,14768,Fourth,Spring Field,New Cicily
2030049312,CROSS,Angel,3923,Cypress,Spring Field,New Cicily
-1915081868,WALLS,Maria,2207,Cypress,Spring Field,New Cicily
147598901,HENRY,Rita,26595,First,Spring Field,New Cicily
-1446254924,DOMINGUEZ,Courtney,10966,Holly,Spring Field,New Cicily
351460714,SCHMITT,Caleb,596,S 100,Spring Field,New Cicily
1545306840,BOWMAN,Anthony,11637,Delaware,Spring Field,New Cicily
982038132,LEON,Stephanie,21502,Hill,Spring Field,New Cicily
2026928917,OCONNOR,Valerie,16195,County Line,Spring Field,New Cicily
2125842604,RAY,Garry,3765,Hampton,Spring Field,New Cicily
2094994675,SHORT,Vernon,29614,Redwood,Spring Field,New Cicily
2083546373,LEACH,Carla,7157,Juniper,Spring Field,New Cicily
-43299977,JACOBS,Edith,26232,Fifth,Spring Field,New Cicily
-1603607478,ONEAL,Connie,6284,Sycamore,Spring Field,New Cicily
2053570867,CARSON,Kurt,22102,Seventh,Spring Field,New Cicily
1322842824,SANDERS,Rodney,28421,Church,Spring Field,New Cicily
-2097710684,BERRY,Vivian,16060,River,Spring Field,New Cicily
-542620470,GOOD,Sidney,11404,Redwood,Spring Field,New Cicily
-1810333626,ROSE,Sonia,14986,Dogwood,Spring Field,New Cicily
1479566837,HANCOCK,Gina,21818,Maple,Spring Field,New Cicily
-853869563,PALMER,Desiree,431,Seventh,Spring Field,New Cicily
2133168730,HINTON,Amy,9265,Navajo,Spring Field,New Cicily
1237127590,WIGGINS,Courtney,16819,Hill,Spring Field,New Cicily
-1449008779,SHAFFER,Marc,7376,Canyon,Spring Field,New Cicily
191941461,MYERS,Alexander,15506,Fourth,Spring Field,New Cicily
-1321080538,GONZALES,Paul,11330,Williams,Spring Field,New Cicily
-1497403571,WOODWARD,Edwin,2840,Cherry,Spring Field,New Cicily
812464646,MCMILLAN,Ricky,23104,Lakeview,Spring Field,New Cicily
134714767,BAKER,John,20814,N 400,Spring Field,New Cicily
-1891069004,FREDERICK,Lyle,1494,Birch,Spring Field,New Cicily
-1249724479,CHRISTENSEN,Kellie,13365,Maple,Spring Field,New Cicily
75542898,MARKS,Mya,27462,Kukui,Spring Field,New Cicily
975043088,ORTEGA,Johnnie,18764,Wilson,Spring Field,New Cicily
-1819374703,VALENZUELA,Stephanie,13140,Evergreen,Spring Field,New Cicily
-41808604,PECK,Jeremy,26838,S 100,Spring Field,New Cicily
2129902761,HUMPHREY,Brooklyn,12002,Washington,Spring Field,New Cicily
580301833,LANE,Alejandro,23801,Thirteenth,Spring Field,New Cicily
-449166399,GUZMAN,Leslie,8183,First,Spring Field,New Cicily
140537734,HUANG,Jean,6419,Jackson,Spring Field,New Cicily
-1786889414,BYRD,Mattie,22945,Bay,Spring Field,New Cicily
1159768193,STANTON,Norma,8583,Ninth,Spring Field,New Cicily
705933908,WILKINS,Valerie,547,Aspen,Spring Field,New Cicily
-1522943684,KRUEGER,Manuel,19465,Lee,Spring Field,New Cicily
-803567532,CARROLL,Carson,10727,Kahili,Spring Field,New Cicily
1582627418,GLOVER,Elizabeth,27874,Lake,Spring Field,New Cicily
1636054876,HIGGINS,Tom,6805,Third,Spring Field,New Cicily
-73989854,BARKER,Larry,398,Ridge,Spring Field,New Cicily
101877874,MORA,Cassidy,6975,Ninth,Spring Field,New Cicily
767975967,SHEA,Alyssa,10059,Sycamore,Spring Field,New Cicily
2106019329,MCCALL,Janice,18658,A,Spring Field,New Cicily
1211617869,STEWART,Penny,25095,Cottonwood,Spring Field,New Cicily
-828698665,GARRISON,Amy,19078,Kansas,Spring Field,New Cicily
484761931,PRATT,Julian,26615,Lake,Spring Field,New Cicily
-1948606663,MATHIS,Ruby,9546,Aloha,Spring Field,New Cicily
-1982650782,BERG,Molly,25306,North,Spring Field,New Cicily
831404872,LYNCH,Claudia,12479,Shore,Spring Field,New Cicily
-1516640869,SANDOVAL,Pam,5909,Eleventh,Spring Field,New Cicily
-1579976245,WELLS,Rachel,17284,Elm,Spring Field,New Cicily
348238557,MCBRIDE,Ronald,9184,Park,Spring Field,New Cicily
81443544,SILVA,Ray,12732,Fourth,Spring Field,New Cicily
-1713485365,JOHNS,Tommy,29140,Lakeview,Spring Field,New Cicily
-200948127,MURILLO,Alvin,12057,Park,Spring Field,New Cicily
-140571003,HOOVER,Chris,29103,Kahili,Spring Field,New Cicily
2142284470,BAUER,Emily,12529,Holly,Spring Field,New Cicily
869532264,ESTES,Andrew,10470,Birch,Spring Field,New Cicily
2012002244,ARNOLD,Kyle,6290,Columbine,Spring Field,New Cicily
-2039925363,THORNTON,Karl,20515,First,Spring Field,New Cicily
-1602543319,JIMENEZ,Meredith,9782,Lake,Spring Field,New Cicily
-1446868057,SHEPARD,Kari,27878,Park,Spring Field,New Cicily
-1938805910,FERNANDEZ,Lewis,22088,Canyon,Spring Field,New Cicily
230047879,PITTMAN,Mary,8927,A,Spring Field,New Cicily
-141242713,KAUFMAN,Lynn,21171,Wood,Spring Field,New Cicily
44105514,PALMER,Betty,10234,Holly,Spring Field,New Cicily
1874783298,WADE,Allison,25584,West,Spring Field,New Cicily
931790194,MEYER,Yvette,27767,Mesquite,Spring Field,New Cicily
429342175,SANCHEZ,Grant,14649,Willow,Spring Field,New Cicily
966325050,LINDSEY,Jeff,29444,Fifth,Spring Field,New Cicily
-667708747,ORTIZ,Earnest,13169,Evergreen,Spring Field,New Cicily
-820259947,WILLIS,Cassandra,19952,Jackson,Spring Field,New Cicily
1814686172,BELL,Darrell,22205,Pleasant,Spring Field,New Cicily
-1347007545,WHITAKER,Amy,15087,Fourth,Spring Field,New Cicily
2132623719,STEPHENS,Sylvia,9334,Third,Spring Field,New Cicily
-856563964,DICKSON,Philip,634,Eleventh,Spring Field,New Cicily
-1459939257,HARRINGTON,Claire,14204,Aloha,Spring Field,New Cicily
763232175,MACIAS,Curtis,27824,Mountain View,Spring Field,New Cicily
2080416899,GILLESPIE,Jared,14909,Shore,Spring Field,New Cicily
2090510844,HOBBS,Clyde,19969,Sunset,Spring Field,New Cicily
-1452854816,OWENS,Howard,14788,Kahili,Spring Field,New Cicily
12737045,OROZCO,April,566,Hemlock,Spring Field,New Cicily
-1847348050,HO,Ricky,3461,County Line,Spring Field,New Cicily
-194121311,WIGGINS,Danny,22567,Pinon,Spring Field,New Cicily
-447642860,HOWE,Shirley,11872,Spruce,Spring Field,New Cicily
-181627403,FARMER,Diana,20163,Main,Spring Field,New Cicily
-1920538265,MOODY,Megan,24259,Kahili,Spring Field,New Cicily
4903818,MAYS,Rex,24563,Malulani,Spring Field,New Cicily
291089343,CURRY,Joanne,16752,First,Spring Field,New Cicily
-1823440120,LUNA,Sandy,10374,Aspen,Spring Field,New Cicily
-1741440579,KNAPP,Sofia,19163,Twelfth,Spring Field,New Cicily
-749670682,NIXON,Courtney,15613,Mountain View,Spring Field,New Cicily
-256024522,DUNLAP,Casey,13313,Hampton,Spring Field,New Cicily
5197190,VANG,Sam,18773,Kahili,Spring Field,New Cicily
-1011634833,CAMACHO,Vernon,15988,Laurel,Spring Field,New Cicily
1310983170,HENDRICKS,Leah,11891,Fifth,Spring Field,New Cicily
134378692,GREEN,Drew,2854,Lee,Spring Field,New Cicily
1972995919,STEPHENSON,Tasha,28576,Hillside,Spring Field,New Cicily
-614538921,ROSALES,Tristan,9490,Evergreen,Spring Field,New Cicily
33238269,STAFFORD,Karen,20649,Kahili,Spring Field,New Cicily
4544715,HUNT,Jon,6466,Malulani,Spring Field,New Cicily
148464448,MURPHY,Henry,8384,S 100,Spring Field,New Cicily
769044952,MORALES,Darius,24475,Lakeview,Spring Field,New Cicily
1865132573,AYERS,Brandy,20921,Center,Spring Field,New Cicily
-48220519,BOLTON,Louis,11314,Fourth,Spring Field,New Cicily
-1153275053,BUCKLEY,Irene,23686,Magnolia,Spring Field,New Cicily
138426938,COSTA,Mary,1747,Jackson,Spring Field,New Cicily
2041915298,BUCK,Darin,26327,River,Spring Field,New Cicily
-41753012,HART,Jerome,26840,Pine,Spring Field,New Cicily
1603745739,FARRELL,Alice,24315,Lake,Spring Field,New Cicily
-671220489,ESPARZA,Anne,21513,Apache,Spring Field,New Cicily
-436215118,MERCER,Gerald,16032,Fourth,Spring Field,New Cicily
253516834,MADDEN,Louis,19798,North,Spring Field,New Cicily
-2112988193,GRIMES,Jack,6589,Redwood,Spring Field,New Cicily
1605028545,JARVIS,Sharon,23201,A,Spring Field,New Cicily
1202420817,SWEENEY,Timothy,4412,Narragansett,Spring Field,New Cicily
1341122871,GREER,Giselle,26902,Eighth,Spring Field,New Cicily
1926460335,OROZCO,Antonio,15942,County Line,Spring Field,New Cicily
810532410,HOOPER,Suzanne,7985,Quail,Spring Field,New Cicily
791320272,PACHECO,Delaney,12316,Eleventh,Spring Field,New Cicily
-1817343526,MACK,Shane,6629,Evergreen,Spring Field,New Cicily
1776729241,HOOVER,Christine,1864,Malulani,Spring Field,New Cicily
-1243828390,ROSALES,Ashlee,8077,Pine,Spring Field,New Cicily
161212443,VALENCIA,Andrea,19333,Wood,Spring Field,New Cicily
90673573,HUERTA,Keith,23909,County Line,Spring Field,New Cicily
-843854945,HUNTER,Patrick,28358,Hillside,Spring Field,New Cicily
-670211254,STEPHENS,Jennifer,8850,Broadway,Spring Field,New Cicily
81396411,SOLIS,Joe,25858,Ridge,Spring Field,New Cicily
-2093392820,PHAM,Isaac,2918,N 400,Spring Field,New Cicily
-1752620462,GREER,Crystal,16034,Main,Spring Field,New Cicily
2010617860,ARCHER,Judy,21080,Third,Spring Field,New Cicily
-1708718661,MARSH,Tracy,16363,Eleventh,Spring Field,New Cicily
-1985458330,LEVINE,Evan,18142,Delaware,Spring Field,New Cicily
81331089,MANN,Rita,22857,Hillside,Spring Field,New Cicily
-760791985,LANE,Krystal,17015,Hickory,Spring Field,New Cicily
104595934,BONILLA,Nathaniel,17732,Cherry,Spring Field,New Cicily
1200429999,SPARKS,Ronald,24596,Church,Spring Field,New Cicily
-1266592413,CHASE,Jessica,16207,Redwood,Spring Field,New Cicily
-2134457478,SHEA,Henry,13463,Center,Spring Field,New Cicily
-1272978958,PITTMAN,Benjamin,733,Redwood,Spring Field,New Cicily
1034375198,YATES,Ashton,989,Washington,Spring Field,New Cicily
-871577099,WATKINS,Tristan,26661,Evergreen,Spring Field,New Cicily
-1709703120,FREEMAN,Scott,29458,Third,Spring Field,New Cicily
1778941744,CONLEY,Stuart,12962,Canyon,Spring Field,New Cicily
-1351784483,REILLY,Adrian,23914,Hemlock,Spring Field,New Cicily
-2022839167,TRUJILLO,Christian,7055,Mesquite,Spring Field,New Cicily
-1873328022,CASEY,Hannah,27212,Aspen,Spring Field,New Cicily
1181631,ROMERO,Bernard,14988,Aloha,Spring Field,New Cicily
2057577332,HOOVER,Sylvia,28929,Dogwood,Spring Field,New Cicily
266413862,FORBES,Sofia,10634,Johnson,Spring Field,New Cicily
1230965284,SULLIVAN,Julia,13173,Maple,Spring Field,New Cicily
237315215,TUCKER,Diego,29917,Aloha,Spring Field,New Cicily
1965799927,KEY,Anita,18065,Lakeview,Spring Field,New Cicily
278489696,BRYANT,Wyatt,23521,Redwood,Spring Field,New Cicily
-1788658673,PUGH,Marian,19955,First,Spring Field,New Cicily
-1129682860,MORALES,Kristy,28292,Johnson,Spring Field,New Cicily
-1884390178,FREDERICK,Tara,28296,Pioneer,Spring Field,New Cicily
-1722843340,NIXON,Tanya,28898,Jackson,Spring Field,New Cicily
-1769247757,MADDEN,Bridget,447,Wood,Spring Field,New Cicily
-1955997770,FRY,Nolan,2646,Ninth,Spring Field,New Cicily
264340401,KIM,Kenneth,17415,Cherry,Spring Field,New Cicily
76502929,YORK,Lucy,12197,Cottonwood,Spring Field,New Cicily
-766502910,WHITNEY,Stephen,24842,Pecan,Spring Field,New Cicily
716621547,RUSSO,Raymond,29317,West,Spring Field,New Cicily
1417435337,CONWAY,Sharon,15692,S 100,Spring Field,New Cicily
-1387959526,RYAN,Wesley,8389,Fifth,Spring Field,New Cicily
-2011053565,ODOM,Logan,23426,S 400,Spring Field,New Cicily
-1571820353,FOX,Miguel,468,Kansas,Spring Field,New Cicily
858030586,FRIEDMAN,Abigail,12974,Johnson,Spring Field,New Cicily
97163813,MONTES,Frank,4801,Pleasant,Spring Field,New Cicily
74277123,RICE,Jose,23238,Magnolia,Spring Field,New Cicily
382849045,HARRINGTON,Dale,19100,Aspen,Spring Field,New Cicily
73539741,HART,Jack,19802,Williams,Spring Field,New Cicily
424338354,MCKINNEY,Vickie,3229,Kahili,Spring Field,New Cicily
-195227453,ROSARIO,Bryce,9006,Meadow,Spring Field,New Cicily
1789175593,ELLIOTT,Milton,28209,Broadway,Spring Field,New Cicily
-949531517,HURLEY,Lillian,18618,Hemlock,Spring Field,New Cicily
-193551517,WILKINS,Leonard,6186,Hampton,Spring Field,New Cicily
-1522263006,CRAWFORD,Kenneth,24745,Airport,Spring Field,New Cicily
796690344,SCHROEDER,Erica,26837,North,Spring Field,New Cicily
-2015879092,CHRISTENSEN,John,15087,Bay,Spring Field,New Cicily
-425100581,WASHINGTON,Alfred,6172,Pine,Spring Field,New Cicily
-1992203244,GONZALEZ,Annette,15956,Ninth,Spring Field,New Cicily
2075857703,PETERSON,Angela,9405,Pleasant,Spring Field,New Cicily
-1725433323,GLASS,Terry,21314,Malulani,Spring Field,New Cicily
-1391792825,HILL,Monica,26400,Sixth,Spring Field,New Cicily
-749892180,JACOBS,Madeline,27224,Pecan,Spring Field,New Cicily
75011794,BERG,Kyle,7140,Malulani,Spring Field,New Cicily
-1788521098,HALE,Marvin,16479,Jackson,Spring Field,New Cicily
-1918776169,SALAS,Marie,20405,Fourth,Spring Field,New Cicily
186413381,DAVID,Tamara,6585,Lakeview,Spring Field,New Cicily
-405500411,ABBOTT,Andre,29040,Elm,Spring Field,New Cicily
-1924238334,SHEPPARD,Carmen,5550,Hill,Spring Field,New Cicily
1606867118,MCGUIRE,Guy,20130,Elm,Spring Field,New Cicily
-1994985397,PHAM,Marie,18289,Orchard,Spring Field,New Cicily
-232293961,MATHEWS,Marcus,16479,Highland,Spring Field,New Cicily
-1943267868,MOSLEY,Joel,8609,Jackson,Spring Field,New Cicily
-603371786,MUNOZ,Nathaniel,69,Church,Spring Field,New Cicily
-774813371,GALLOWAY,Johnny,22112,Elm,Spring Field,New Cicily
1075874063,GREGORY,Mary,4473,Eighth,Spring Field,New Cicily
1480840241,RODGERS,Melinda,10952,Oak,Spring Field,New Cicily
750481884,BELTRAN,Brianna,5279,Canyon,Spring Field,New Cicily
1490004850,HAMPTON,Seth,8379,Tenth,Spring Field,New Cicily
2116407340,GUZMAN,Pat,22039,Airport,Spring Field,New Cicily
304316501,GALVAN,Marvin,1611,Evergreen,Spring Field,New Cicily
65809074,LI,Dave,12614,First,Spring Field,New Cicily
-1898836113,BARRERA,Cathy,16913,Cedar,Spring Field,New Cicily
154174384,MCKEE,Tony,21817,Fourth,Spring Field,New Cicily
896291185,SUTTON,Mackenzie,2097,Twelfth,Spring Field,New Cicily
1860891286,BUCHANAN,Michele,18042,Wilson,Spring Field,New Cicily
-602162389,JOSEPH,Abigail,27193,Willow,Spring Field,New Cicily
341401200,DORSEY,Collin,7360,Kukui,Spring Field,New Cicily
-1920491197,GARRISON,Deanna,27214,Broadway,Spring Field,New Cicily
954375925,PECK,Margaret,9364,Maple,Spring Field,New Cicily
-754154111,BENJAMIN,Derrick,23715,Third,Spring Field,New Cicily
1225889529,SCHROEDER,Traci,17884,Fourth,Spring Field,New Cicily
-116057102,FARMER,Frank,22314,Cherry,Spring Field,New Cicily
82095633,WISE,Ryan,23682,Holly,Spring Field,New Cicily
2040259210,PRICE,Alice,15550,Apache,Spring Field,New Cicily
1001669418,FOSTER,Denise,18833,Tenth,Spring Field,New Cicily
760519873,BALL,Claudia,24564,Fourth,Spring Field,New Cicily
2106457275,WEEKS,Colin,12519,Quail,Spring Field,New Cicily
2105614871,MELENDEZ,Brian,18402,Mesquite,Spring Field,New Cicily
-595234768,GUZMAN,George,12425,Center,Spring Field,New Cicily
-286854587,MCCLURE,Cheryl,14175,N 400,Spring Field,New Cicily
2089889207,BRADY,Craig,20231,Birch,Spring Field,New Cicily
-624123362,BROWNING,Martha,4584,Center,Spring Field,New Cicily
2029180738,GUTIERREZ,Leo,7232,Twelfth,Spring Field,New Cicily
208068946,KENNEDY,Thelma,4079,Canyon,Spring Field,New Cicily
-1996909606,WASHINGTON,Courtney,1156,N 400,Spring Field,New Cicily
578696347,HERMAN,Garrett,2086,Park,Spring Field,New Cicily
314484537,LUCERO,Hailey,19776,Mountain View,Spring Field,New Cicily
-56142154,JUAREZ,Danny,5572,Seventh,Spring Field,New Cicily
836294669,LOZANO,Victoria,13833,Oak,Spring Field,New Cicily
-968557771,SHAH,Yesenia,22713,Kukui,Spring Field,New Cicily
219086082,MEDINA,Kelli,60,Third,Spring Field,New Cicily
560715758,JOHNSTON,Krista,26662,Cypress,Spring Field,New Cicily
136185892,SIMMONS,Lauren,27748,Highland,Spring Field,New Cicily
806252921,EDWARDS,Alice,7051,Thirteenth,Spring Field,New Cicily
898689629,BRENNAN,Brandon,8494,Main,Spring Field,New Cicily
60158842,HUTCHINSON,Ricardo,687,Palo Verde,Spring Field,New Cicily
1712620612,MULLEN,Sheila,26111,Thirteenth,Spring Field,New Cicily
-950650485,HORTON,Krista,6645,Magnolia,Spring Field,New Cicily
-285132381,HOLMES,Bernard,3689,Pine,Spring Field,New Cicily
-1819853959,WAGNER,Eileen,4149,Cherry,Spring Field,New Cicily
-569866552,RICH,Sheryl,6496,Second,Spring Field,New Cicily
-751168542,MARQUEZ,Betty,18005,Canyon,Spring Field,New Cicily
675755940,HAYES,Deborah,21933,Aspen,Spring Field,New Cicily
1882633264,MEJIA,Briana,24389,Navajo,Spring Field,New Cicily
-83386790,BRIGGS,Kevin,16127,Cypress,Spring Field,New Cicily
1238817319,BAUER,Kathryn,22216,River,Spring Field,New Cicily
2132017675,FRAZIER,Clara,13735,Park,Spring Field,New Cicily
149626374,PONCE,Levi,8507,Navajo,Spring Field,New Cicily
1669711644,CONTRERAS,Meredith,28601,Holly,Spring Field,New Cicily
-2111290992,SCHAEFER,Natalie,17389,Hickory,Spring Field,New Cicily
1416842828,HARDING,Lee,3857,Thirteenth,Spring Field,New Cicily
698194206,ESPINOZA,Billy,13530,Hillside,Spring Field,New Cicily
-2063454936,MOSES,Henry,7409,Apache,Spring Field,New Cicily
2114439203,CROSBY,Alexandra,25963,Broadway,Spring Field,New Cicily
1436195671,VALENZUELA,Jeanne,14869,Narragansett,Spring Field,New Cicily
685655441,FOWLER,Monica,15969,Laurel,Spring Field,New Cicily
258094116,BURNETT,Fernando,19578,Bay,Spring Field,New Cicily
-1754965022,HOUSE,Scott,12476,Tenth,Spring Field,New Cicily
82798093,HOWE,Tami,10141,Fourth,Spring Field,New Cicily
-1322198844,CHRISTENSEN,Alyssa,15369,Willow,Spring Field,New Cicily
-1087648685,SWEENEY,Lee,25680,Aloha,Spring Field,New Cicily
-821842252,DICKSON,Destiny,22099,Johnson,Spring Field,New Cicily
1185601582,CARROLL,Sydney,18408,Apache,Spring Field,New Cicily
2129693083,FARLEY,Adam,7420,Maple,Spring Field,New Cicily
-1638058713,ERICKSON,Alexis,11441,Walnut,Spring Field,New Cicily
-108057101,LAMBERT,Rebecca,25793,Twelfth,Spring Field,New Cicily
2132392563,TERRY,Donna,15382,Quail,Spring Field,New Cicily
144476216,GARZA,Paul,9572,Canyon,Spring Field,New Cicily
-2054000215,MYERS,Holly,22434,Cottonwood,Spring Field,New Cicily
618174033,ESCOBAR,Madeline,12312,Park,Spring Field,New Cicily
351113827,LINDSEY,Sierra,1914,Cypress,Spring Field,New Cicily
-464351727,MCCLURE,Julia,4519,Narragansett,Spring Field,New Cicily
217932261,ZHANG,Nichole,4885,Mountain View,Spring Field,New Cicily
1301909841,NIELSEN,Valerie,9267,Twelfth,Spring Field,New Cicily
292566480,NORMAN,Lloyd,29548,Cedar,Spring Field,New Cicily
253854611,MORENO,Larry,23226,Magnolia,Spring Field,New Cicily
1461365013,VILLARREAL,Jim,14554,Highland,Spring Field,New Cicily
1627186864,WEBER,Bianca,15804,Mountain View,Spring Field,New Cicily
674719239,NICHOLSON,Omar,19553,Narragansett,Spring Field,New Cicily
1881605059,KRUEGER,Chelsey,17873,Cherry,Spring Field,New Cicily
-2065272192,OLSEN,Harry,9978,Lakeview,Spring Field,New Cicily
1672416317,MCCLAIN,John,10973,Main,Spring Field,New Cicily
-1886144527,BARRERA,Colin,25993,Center,Spring Field,New Cicily
887955950,WU,Josephine,11459,Tenth,Spring Field,New Cicily
-2132428950,ROBERTS,Paul,26356,Meadow,Spring Field,New Cicily
-366803618,WYATT,Shirley,5190,Church,Spring Field,New Cicily
1134794106,WHITEHEAD,Eva,3838,A,Spring Field,New Cicily
1565217649,COSTA,Charles,25091,Center,Spring Field,New Cicily
87081718,POLLARD,Stacie,22780,Mountain View,Spring Field,New Cicily
2036594466,BOWERS,Jeff,286,S 400,Spring Field,New Cicily
71028548,PHAM,Gary,25852,Pleasant,Spring Field,New Cicily
793985468,POTTER,Miguel,13911,Apache,Spring Field,New Cicily
183644942,DAWSON,Sally,25667,Ridge,Spring Field,New Cicily
-2095863698,ESTRADA,Virginia,5720,Laurel,Spring Field,New Cicily
389704307,MCKENZIE,Ethan,16020,Cedar,Spring Field,New Cicily
1732106174,COLEMAN,Carl,10501,Pine,Spring Field,New Cicily
-1387396257,SANDERS,Thomas,14930,Sunset,Spring Field,New Cicily
-1699933843,CONLEY,Trevor,16455,Willow,Spring Field,New Cicily
-16717544,LARSEN,Daryl,21579,Hickory,Spring Field,New Cicily
706690906,FARMER,Valerie,18328,Bay,Spring Field,New Cicily
-1754131186,MOLINA,Eugene,21132,West,Spring Field,New Cicily
1049065153,STEWART,Jonah,7165,S 400,Spring Field,New Cicily
-2104462566,MOORE,Victor,4661,Navajo,Spring Field,New Cicily
-795861313,LITTLE,Lindsay,21194,Highland,Spring Field,New Cicily
-223043780,ROBBINS,Betty,26773,Meadow,Spring Field,New Cicily
-522665411,YU,Elizabeth,17646,Second,Spring Field,New Cicily
2081174848,BROWN,Chris,19720,Palo Verde,Spring Field,New Cicily
-1344215774,CHAPMAN,Stephen,12157,Lee,Spring Field,New Cicily
-571909750,FRIEDMAN,Gina,11788,Highland,Spring Field,New Cicily
1681609777,KIRBY,Chelsey,26001,Juniper,Spring Field,New Cicily
1679666794,MCCARTY,Ruby,22870,Columbine,Spring Field,New Cicily
-189264686,GRIMES,Bobby,10887,Fourth,Spring Field,New Cicily
1984149152,OCONNELL,John,12616,Cedar,Spring Field,New Cicily
2143736620,DOYLE,Theodore,3855,Highland,Spring Field,New Cicily
-1748538740,TANNER,Rose,18943,Highland,Spring Field,New Cicily
-1940210331,JACOBSON,Micheal,630,Malulani,Spring Field,New Cicily
-2079677912,FRY,Jenna,2482,Eleventh,Spring Field,New Cicily
1750429770,KAUFMAN,Andre,4061,Pinon,Spring Field,New Cicily
-1635133007,ZUNIGA,Joe,14775,Aspen,Spring Field,New Cicily
1768821158,DOYLE,Lorraine,18492,Jackson,Spring Field,New Cicily
1215760612,ROBINSON,Clinton,24126,N 400,Spring Field,New Cicily
1034263718,STANLEY,Calvin,14560,Magnolia,Spring Field,New Cicily
453969442,SANTOS,Molly,209,Ridge,Spring Field,New Cicily
1374632966,CONWAY,Mitchell,24085,Evergreen,Spring Field,New Cicily
-218383384,MILLER,Brandi,8636,Smith,Spring Field,New Cicily
-542560991,HURLEY,Chelsey,21138,Eighth,Spring Field,New Cicily
1034221858,CAMACHO,Stacey,4091,Oak,Spring Field,New Cicily
7746844,LAMB,Elijah,24028,Birch,Spring Field,New Cicily
-378940175,BARRON,Allan,19567,Fourth,Spring Field,New Cicily
1239949645,CHUNG,Kathryn,21104,Oak,Spring Field,New Cicily
-347016239,MITCHELL,Alan,2410,Elm,Spring Field,New Cicily
-1427841734,ODONNELL,Erin,13439,Pioneer,Spring Field,New Cicily
1021098473,TATE,Autumn,13196,Hampton,Spring Field,New Cicily
-1789224479,CAIN,Marcus,16221,Broadway,Spring Field,New Cicily
-2076029744,LIN,Carmen,25788,Mountain View,Spring Field,New Cicily
-1772923964,HOGAN,Robin,4652,Cedar,Spring Field,New Cicily
-2041330546,JACOBS,Kyle,14677,Wilson,Spring Field,New Cicily
-2072803222,GRAY,Cassie,22031,Kukui,Spring Field,New Cicily
-305577767,DAVILA,Beverly,5282,Second,Spring Field,New Cicily
-807244696,CARROLL,Jesse,2848,Ridge,Spring Field,New Cicily
-1879268403,FUENTES,Jerry,22923,Holly,Spring Field,New Cicily
-1186149349,KENT,Darren,6122,Aspen,Spring Field,New Cicily
-1471599224,SHAH,Freddie,3277,Lincoln,Spring Field,New Cicily
-465862230,MCGRATH,Jorge,28678,Juniper,Spring Field,New Cicily
1127666058,GILBERT,Matthew,25443,Aspen,Spring Field,New Cicily
-1834855918,CONTRERAS,Glen,18188,Pioneer,Spring Field,New Cicily
-993170101,DICKERSON,Leslie,1717,Lehua,Spring Field,New Cicily
1319354172,ELLIS,Lindsey,24445,Lake,Spring Field,New Cicily
-1962577386,FREDERICK,Max,12253,Kahili,Spring Field,New Cicily
-1131771359,BULLOCK,James,15107,Elm,Spring Field,New Cicily
1191377562,CUNNINGHAM,Shannon,8934,Lakeview,Spring Field,New Cicily
-2008915829,FROST,Jimmy,16830,Jackson,Spring Field,New Cicily
2108714084,MASON,Leonard,28998,Lee,Spring Field,New Cicily
335253791,BRUCE,Gregory,24293,Hill,Spring Field,New Cicily
-1939497655,MOYER,Louis,18451,First,Spring Field,New Cicily
-1944885520,FLEMING,Cheryl,17322,Canyon,Spring Field,New Cicily
24863507,WALLS,Candice,21266,Lehua,Spring Field,New Cicily
-358480450,ARCHER,Brady,12700,Kansas,Spring Field,New Cicily
-2034384084,CROSBY,Kenneth,25915,Lehua,Spring Field,New Cicily
-1819618819,KEY,Shawn,11619,Evergreen,Spring Field,New Cicily
-1991515220,BATES,Kayla,6155,Aspen,Spring Field,New Cicily
-1788120360,WOLF,Martin,1008,Maple,Spring Field,New Cicily
144918982,MCCOY,Joan,27896,Center,Spring Field,New Cicily
2013451851,HART,Carol,9937,Smith,Spring Field,New Cicily
-1392886473,GEORGE,Andres,3338,Juniper,Spring Field,New Cicily
-1432160167,HILL,Jacqueline,21070,Pine,Spring Field,New Cicily
-389544427,ASHLEY,Angie,6032,Center,Spring Field,New Cicily
1047294532,GATES,Stephanie,28914,Evergreen,Spring Field,New Cicily
-672873674,PHILLIPS,Elaine,12580,Lee,Spring Field,New Cicily
952257395,LONG,Ashley,5455,Fifth,Spring Field,New Cicily
-1410395523,MORRIS,Tricia,5179,Pine,Spring Field,New Cicily
653557192,SKINNER,Tiffany,1124,Shore,Spring Field,New Cicily
-1190014010,HENSLEY,Tristan,6475,Holly,Spring Field,New Cicily
-1778298321,BALDWIN,Christopher,25605,Ridge,Spring Field,New Cicily
-2030485106,POTTER,Gabrielle,12016,Lakeview,Spring Field,New Cicily
-1190340932,TOWNSEND,Kristie,22911,Juniper,Spring Field,New Cicily
-867520139,BLACK,Phyllis,12589,Maple,Spring Field,New Cicily
-1061948041,MATTHEWS,Christopher,12875,Pecan,Spring Field,New Cicily
1450063317,CHANDLER,Sandra,15620,Kahili,Spring Field,New Cicily
2082206296,SELLERS,Melanie,12131,Kansas,Spring Field,New Cicily
-789535349,KENT,Donald,28262,Oak,Spring Field,New Cicily
-571548837,SIMS,Dwayne,26238,Cypress,Spring Field,New Cicily
2125001662,FROST,Duane,2764,Laurel,Spring Field,New Cicily
1086413586,INGRAM,Dennis,5030,Kahili,Spring Field,New Cicily
937552787,DUARTE,Deanna,22776,Airport,Spring Field,New Cicily
1608367431,HERRING,Rick,20051,Willow,Spring Field,New Cicily
132371721,BRYAN,Glen,15093,Pinon,Spring Field,New Cicily
292295272,DOUGLAS,Corey,3031,Meadow,Spring Field,New Cicily
1108549920,WASHINGTON,Logan,12310,Broadway,Spring Field,New Cicily
-1541767730,HICKS,Michele,19302,Juniper,Spring Field,New Cicily
-1128874451,MATTHEWS,Eddie,21231,Hill,Spring Field,New Cicily
1246324016,BROWNING,Sara,17304,Willow,Spring Field,New Cicily
-498550266,MYERS,Sheryl,9538,Twelfth,Spring Field,New Cicily
2083322309,DANIEL,Mary,26569,Hickory,Spring Field,New Cicily
569015594,MOSLEY,Wayne,17282,Shore,Spring Field,New Cicily
1978873307,KENNEDY,Ethan,1856,County Line,Spring Field,New Cicily
-535475193,DUDLEY,Lester,20111,Redwood,Spring Field,New Cicily
-237187807,WATKINS,Calvin,24595,Hickory,Spring Field,New Cicily
-1426241474,WOOD,Benjamin,24275,Pleasant,Spring Field,New Cicily
-1718005570,LUCAS,Martha,26760,Williams,Spring Field,New Cicily
815993495,HAMPTON,Annette,23917,Johnson,Spring Field,New Cicily
201176564,STUART,Danny,22958,Oak,Spring Field,New Cicily
1085446257,BUCKLEY,Breanna,29601,Eleventh,Spring Field,New Cicily
2095429738,MYERS,Clyde,12880,S 400,Spring Field,New Cicily
-563834910,SHIELDS,Margaret,5111,Lake,Spring Field,New Cicily
643390647,KAUFMAN,Yvette,21548,Johnson,Spring Field,New Cicily
-539763870,STEELE,Jonathan,15105,Twelfth,Spring Field,New Cicily
-1416798579,BLANCHARD,Garrett,29319,Pioneer,Spring Field,New Cicily
238532478,BLACKBURN,Jeremiah,22160,Pleasant,Spring Field,New Cicily
76659159,SHEA,Mary,26160,Thirteenth,Spring Field,New Cicily
2054315956,CARTER,Lori,11953,Meadow,Spring Field,New Cicily
144042443,FRANK,Paul,13880,Jackson,Spring Field,New Cicily
-83138762,STEIN,Janice,20509,Wood,Spring Field,New Cicily
1579900192,SLOAN,Charles,23585,Fifth,Spring Field,New Cicily
516050,WALLACE,Ruben,3144,Hemlock,Spring Field,New Cicily
-664562051,MATHEWS,Edwin,8779,Johnson,Spring Field,New Cicily
-334394068,GONZALES,Philip,26858,Ridge,Spring Field,New Cicily
387148521,ZAMORA,Debra,26313,Hillside,Spring Field,New Cicily
474518922,ELLISON,Jennifer,22121,Ridge,Spring Field,New Cicily
-1866169456,DURHAM,Judith,17624,Shore,Spring Field,New Cicily
522116517,VARGAS,Timothy,913,Fourth,Spring Field,New Cicily
-1464042531,DUNCAN,Andrea,13183,S 400,Spring Field,New Cicily
154889714,LARSON,James,29360,Mesquite,Spring Field,New Cicily
908495348,SWEENEY,Bryce,10966,Mountain View,Spring Field,New Cicily
-814142890,SAVAGE,Russell,24838,Pine,Spring Field,New Cicily
-695645478,FIGUEROA,Dustin,5760,Kansas,Spring Field,New Cicily
-1699515157,MURRAY,Marilyn,15256,Aspen,Spring Field,New Cicily
-1847280026,GAY,Ricky,18453,Palo Verde,Spring Field,New Cicily
1698044022,SALAS,Lauren,22828,Redwood,Spring Field,New Cicily
222819146,BENSON,Vicky,13177,Hickory,Spring Field,New Cicily
2027917193,ERICKSON,Alexander,18552,Washington,Spring Field,New Cicily
1596073824,CHANDLER,Mitchell,254,Highland,Spring Field,New Cicily
278299024,COFFEY,Jeffery,11602,Kansas,Spring Field,New Cicily
-1303334149,HAYDEN,Yvonne,17574,Main,Spring Field,New Cicily
2051542351,BURTON,Tony,6200,Cottonwood,Spring Field,New Cicily
452485055,LITTLE,Terri,18084,Magnolia,Spring Field,New Cicily
-398850356,MEADOWS,Karen,1483,Center,Spring Field,New Cicily
1664668524,SHARP,George,12191,North,Spring Field,New Cicily
-1023468108,ESTES,Deanna,2795,Hampton,Spring Field,New Cicily
13604855,ROLLINS,Gabriela,17361,Fourth,Spring Field,New Cicily
2036591454,BOLTON,Jose,16861,Quail,Spring Field,New Cicily
1215142180,PERKINS,Kathryn,25629,Kukui,Spring Field,New Cicily
-754474182,POLLARD,Lawrence,5256,Kukui,Spring Field,New Cicily
-968216805,FLETCHER,Andrew,3912,Fifth,Spring Field,New Cicily
-1374400178,PRATT,Rhonda,27055,Smith,Spring Field,New Cicily
