-425995406,FARMER,Brandy,4652,Mesquite,Spring Field,New Cicily
869938587,LYNN,Yvonne,18917,Johnson,Spring Field,New Cicily
1130483333,HAHN,Angelina,16295,Spruce,Spring Field,New Cicily
1066730875,BEARD,Audrey,2432,First,Spring Field,New Cicily
1407634974,CRAWFORD,William,14820,River,Spring Field,New Cicily
1643718706,YODER,Fredrick,6319,Fifth,Spring Field,New Cicily
1503373059,PUGH,Charles,27252,Maple,Spring Field,New Cicily
1458387475,CISNEROS,Glenn,3456,Lehua,Spring Field,New Cicily
74121078,MOON,Joel,22338,West,Spring Field,New Cicily
78919448,BARR,Paul,6855,Wilson,Spring Field,New Cicily
2017858375,BARBER,Dale,29859,Eleventh,Spring Field,New Cicily
278299024,COFFEY,Jeffery,11602,Kansas,Spring Field,New Cicily
1719593328,RUSH,Bobbie,21420,Malulani,Spring Field,New Cicily
-1057067246,CARLSON,Anita,4584,Evergreen,Spring Field,New Cicily
382770775,LUCAS,Marilyn,29530,Apache,Spring Field,New Cicily
-616813378,COLE,Mitchell,8099,Malulani,Spring Field,New Cicily
-3638287,SANTIAGO,Charles,6774,Willow,Spring Field,New Cicily
1804450161,CHAN,Brandi,29035,Walnut,Spring Field,New Cicily
-542733448,INGRAM,Gerald,22660,Mountain View,Spring Field,New Cicily
-1294683495,HARDING,George,4635,Mountain View,Spring Field,New Cicily
487921478,WAGNER,Julia,13476,Holly,Spring Field,New Cicily
-858150749,WILKINSON,Ricky,29886,North,Spring Field,New Cicily
1982753882,CARTER,Ana,5130,Laurel,Spring Field,New Cicily
-1908998628,POPE,Paula,1945,Hickory,Spring Field,New Cicily
-848563833,MENDEZ,Kathryn,13940,Aspen,Spring Field,New Cicily
152697512,CHRISTENSEN,Kathy,21146,Juniper,Spring Field,New Cicily
2080416899,GILLESPIE,Jared,14909,Shore,Spring Field,New Cicily
-2075758615,KENNEDY,Naomi,24542,Church,Spring Field,New Cicily
-1934135651,BRYAN,Malik,29682,Cherry,Spring Field,New Cicily
-1181103507,REYNOLDS,Terry,10614,Quail,Spring Field,New Cicily
772052677,CASTANEDA,Theresa,15850,Elm,Spring Field,New Cicily
5022161,WARD,Lee,5644,Columbine,Spring Field,New Cicily
135231988,GOULD,Erin,8614,Hampton,Spring Field,New Cicily
-1517801524,LAMBERT,Frank,5735,Oak,Spring Field,New Cicily
2139081426,HOOPER,Max,14254,Pleasant,Spring Field,New Cicily
-2048927199,CHOI,Kerry,4309,Meadow,Spring Field,New Cicily
2108764202,WHEELER,Felicia,14382,Cypress,Spring Field,New Cicily
-227116472,FARRELL,Taylor,18900,Aspen,Spring Field,New Cicily
-104315813,BLACKBURN,Jada,15246,Third,Spring Field,New Cicily
1997263054,HALL,Bobby,15575,Mountain View,Spring Field,New Cicily
122247768,AUSTIN,Shane,16041,Hemlock,Spring Field,New Cicily
665129088,STEELE,Martin,12787,Columbine,Spring Field,New Cicily
-37753427,BAXTER,Misty,20695,Eighth,Spring Field,New Cicily
-2018737585,DAY,Linda,28239,Park,Spring Field,New Cicily
410595624,HOOD,Julian,22030,Johnson,Spring Field,New Cicily
99124165,DONALDSON,Carl,27154,Oak,Spring Field,New Cicily
-30170428,HANSON,Gregg,13834,Shore,Spring Field,New Cicily
-1186030895,BENTLEY,Melvin,27751,West,Spring Field,New Cicily
1965244144,DANIEL,Jerome,173,Evergreen,Spring Field,New Cicily
1109390463,SHAFFER,Rachel,9072,Aspen,Spring Field,New Cicily
1897826869,HOUSTON,Ruby,17040,Quail,Spring Field,New Cicily
2565975,NELSON,Bruce,17505,Orchard,Spring Field,New Cicily
-1569587024,KENT,Miguel,6905,Highland,Spring Field,New Cicily
-1602543319,JIMENEZ,Meredith,9782,Lake,Spring Field,New Cicily
-1743183758,MAHONEY,Audrey,14185,Pioneer,Spring Field,New Cicily
931633803,BREWER,Heather,12229,Hill,Spring Field,New Cicily
1667888705,MCCLAIN,Eric,14473,Meadow,Spring Field,New Cicily
-1878678944,HARDING,Aubrey,354,Pine,Spring Field,New Cicily
11614596,NORMAN,Brian,23607,Hillside,Spring Field,New Cicily
329276873,BUCKLEY,Melanie,15031,Lake,Spring Field,New Cicily
551895089,SCHMITT,James,22674,Twelfth,Spring Field,New Cicily
1638434351,GARRISON,Sandy,11658,First,Spring Field,New Cicily
1003884004,CONTRERAS,Mikayla,5635,Main,Spring Field,New Cicily
-1951094344,MENDEZ,Levi,22282,Williams,Spring Field,New Cicily
852331234,CARLSON,Anthony,882,Evergreen,Spring Field,New Cicily
1067566838,GREGORY,Dawn,11029,Ninth,Spring Field,New Cicily
1318772602,HENDRICKS,Troy,27653,Johnson,Spring Field,New Cicily
69672321,PAGE,Erik,21964,Pleasant,Spring Field,New Cicily
-1249340555,LUNA,Ronald,26161,Twelfth,Spring Field,New Cicily
-1757151066,ARIAS,Shaun,3563,Mountain View,Spring Field,New Cicily
-1993187086,NEWMAN,Jon,16549,Shore,Spring Field,New Cicily
1607828539,DUNCAN,Anthony,9092,Twelfth,Spring Field,New Cicily
-1545473224,LIVINGSTON,Stanley,29987,West,Spring Field,New Cicily
1602981539,HOLLOWAY,Serenity,3813,Lake,Spring Field,New Cicily
82798093,HOWE,Tami,10141,Fourth,Spring Field,New Cicily
-657337027,HENDRIX,Frank,5584,Birch,Spring Field,New Cicily
-1866169456,DURHAM,Judith,17624,Shore,Spring Field,New Cicily
-47947233,ANTHONY,Todd,23209,Jackson,Spring Field,New Cicily
996252474,JENSEN,Darryl,15441,Johnson,Spring Field,New Cicily
1237127590,WIGGINS,Courtney,16819,Hill,Spring Field,New Cicily
183644942,DAWSON,Sally,25667,Ridge,Spring Field,New Cicily
123101198,HUDSON,Linda,19015,Sixth,Spring Field,New Cicily
656967136,SLOAN,Alejandro,2896,Williams,Spring Field,New Cicily
1620039461,HOFFMAN,Nicholas,1990,Eleventh,Spring Field,New Cicily
1200429999,SPARKS,Ronald,24596,Church,Spring Field,New Cicily
571612489,REEVES,Robin,4057,Elm,Spring Field,New Cicily
1306750359,STEWART,Sonya,11261,Airport,Spring Field,New Cicily
-152669839,DAVID,Cynthia,19786,Lee,Spring Field,New Cicily
-724680520,MCGUIRE,Angel,6974,Kahili,Spring Field,New Cicily
-533940907,SPARKS,Patrick,26001,Jackson,Spring Field,New Cicily
1283041127,VILLANUEVA,Jaclyn,9470,Oak,Spring Field,New Cicily
559684981,CALDWELL,Jerome,27179,Birch,Spring Field,New Cicily
-328919065,COMPTON,Mason,9403,Third,Spring Field,New Cicily
-80677161,VALDEZ,Daniela,8858,Willow,Spring Field,New Cicily
-2110329368,GREENE,Mary,9962,Cherry,Spring Field,New Cicily
-113101995,HUGHES,Daryl,5062,Lehua,Spring Field,New Cicily
2006321184,MENDEZ,Monique,27505,Thirteenth,Spring Field,New Cicily
994212717,SAVAGE,Isabelle,19260,Pecan,Spring Field,New Cicily
1111016632,BURNS,Kimberly,3207,A,Spring Field,New Cicily
-633873674,TERRELL,Jill,20864,A,Spring Field,New Cicily
1702015405,HIGGINS,Gary,25288,Cherry,Spring Field,New Cicily
2033168253,HOBBS,Alvin,3956,Lake,Spring Field,New Cicily
939644637,MCINTOSH,Micheal,27952,Eleventh,Spring Field,New Cicily
412696533,LARSEN,Sarah,26505,Meadow,Spring Field,New Cicily
151464446,TERRY,John,21484,Seventh,Spring Field,New Cicily
-2049689449,COPELAND,Betty,27931,Hampton,Spring Field,New Cicily
-90928011,INGRAM,Daryl,11032,First,Spring Field,New Cicily
-1107944255,BURGESS,Julie,6723,Johnson,Spring Field,New Cicily
-1788338450,PENA,Martin,20060,Thirteenth,Spring Field,New Cicily
-1587887023,BENITEZ,Jason,1325,S 400,Spring Field,New Cicily
1977018066,WALKER,Sharon,5750,Hampton,Spring Field,New Cicily
-729521274,FLETCHER,Russell,22903,Wilson,Spring Field,New Cicily
60335095,NORMAN,Diane,7393,Sunset,Spring Field,New Cicily
-288833670,BURTON,Leonard,19021,Fourth,Spring Field,New Cicily
-465862230,MCGRATH,Jorge,28678,Juniper,Spring Field,New Cicily
938542021,HUTCHINSON,Melanie,422,Pleasant,Spring Field,New Cicily
147698225,KELLY,Omar,13762,Second,Spring Field,New Cicily
-1990749053,CANTU,Kathy,18589,Evergreen,Spring Field,New Cicily
-1709062464,SANTANA,Ann,28591,Park,Spring Field,New Cicily
-843854945,HUNTER,Patrick,28358,Hillside,Spring Field,New Cicily
1029263557,SAUNDERS,Norma,2076,Williams,Spring Field,New Cicily
1290150317,SPARKS,Addison,22294,Redwood,Spring Field,New Cicily
2120848109,LAWRENCE,Micheal,13542,Kahili,Spring Field,New Cicily
-1641291800,RUSH,Kristopher,28758,Broadway,Spring Field,New Cicily
-1712363453,HUFF,Jeffrey,3849,Meadow,Spring Field,New Cicily
-1714142525,MCINTOSH,Katherine,19285,Mesquite,Spring Field,New Cicily
4346764,HOOD,Dan,4764,Eleventh,Spring Field,New Cicily
592192248,JACOBSON,Ariana,19325,Narragansett,Spring Field,New Cicily
-598517265,HARTMAN,Logan,913,Pioneer,Spring Field,New Cicily
555782799,SCHMIDT,Jesus,16740,Pecan,Spring Field,New Cicily
1509705067,HUTCHINSON,Jessie,3148,Walnut,Spring Field,New Cicily
-1763174185,MASON,Ruben,8803,Fourth,Spring Field,New Cicily
-1753802227,DOWNS,Herman,21773,Pine,Spring Field,New Cicily
-1694755375,BARRETT,Jesus,3072,Third,Spring Field,New Cicily
815784230,CARR,Tyrone,19339,Kansas,Spring Field,New Cicily
-1566009553,MCCLURE,Angelina,18962,Thirteenth,Spring Field,New Cicily
-440457810,SOLOMON,Kaitlyn,25513,Smith,Spring Field,New Cicily
-447699497,FRYE,Shirley,6338,Washington,Spring Field,New Cicily
60158842,HUTCHINSON,Ricardo,687,Palo Verde,Spring Field,New Cicily
-1807056078,MAXWELL,Arlene,11533,Washington,Spring Field,New Cicily
-699926260,DUFFY,Samuel,4910,Second,Spring Field,New Cicily
907378657,STOKES,Garrett,11860,Ninth,Spring Field,New Cicily
305061220,KELLER,Peggy,21276,Malulani,Spring Field,New Cicily
716621547,RUSSO,Raymond,29317,West,Spring Field,New Cicily
452485055,LITTLE,Terri,18084,Magnolia,Spring Field,New Cicily
227357488,AUSTIN,Jeffrey,25392,Hillside,Spring Field,New Cicily
-318916844,POWELL,Michaela,14145,Eighth,Spring Field,New Cicily
-1180972659,VILLA,Robert,10618,Mountain View,Spring Field,New Cicily
-1289027062,MCFARLAND,Don,9133,N 400,Spring Field,New Cicily
2018983923,BAXTER,Earl,17938,Walnut,Spring Field,New Cicily
-801926299,WILKINSON,Marian,16000,Eighth,Spring Field,New Cicily
952257395,LONG,Ashley,5455,Fifth,Spring Field,New Cicily
-16990474,JOSEPH,Erica,23590,Cedar,Spring Field,New Cicily
1681436956,MCCARTY,Troy,897,Maple,Spring Field,New Cicily
2009264249,SANCHEZ,Dwayne,12901,Eleventh,Spring Field,New Cicily
-1705970576,ZHANG,Marcia,17860,Sunset,Spring Field,New Cicily
1380506791,HUNTER,Adriana,6688,County Line,Spring Field,New Cicily
2110137191,ANDERSON,Lewis,27240,Eighth,Spring Field,New Cicily
-1974783077,PRICE,Kelli,1750,Church,Spring Field,New Cicily
19643826,HAMMOND,Wesley,16295,Bay,Spring Field,New Cicily
-1191073262,BENTLEY,Meghan,2883,Meadow,Spring Field,New Cicily
-1675321614,WADE,Cooper,6167,Palo Verde,Spring Field,New Cicily
-504374127,GOULD,Sheryl,28767,Sunset,Spring Field,New Cicily
2122549773,SLOAN,Derek,21315,Cypress,Spring Field,New Cicily
-1287875173,BOWERS,Russell,17493,Bay,Spring Field,New Cicily
-879977970,LESTER,Katelyn,776,Fifth,Spring Field,New Cicily
-1638058713,ERICKSON,Alexis,11441,Walnut,Spring Field,New Cicily
1733364557,COMPTON,Carl,15064,Cottonwood,Spring Field,New Cicily
386930002,THOMPSON,Marcus,5637,Magnolia,Spring Field,New Cicily
1063100999,DYER,Zachary,8024,Mesquite,Spring Field,New Cicily
-1217640830,PETERSON,Darlene,742,Narragansett,Spring Field,New Cicily
-1921564069,PARK,Oscar,11324,Hill,Spring Field,New Cicily
865998866,AYALA,Andrew,22495,Hillside,Spring Field,New Cicily
-1029191627,RODGERS,Theresa,6154,Columbine,Spring Field,New Cicily
1978343820,HUFFMAN,Jay,25393,Oak,Spring Field,New Cicily
-139079887,WALTON,Catherine,26984,Juniper,Spring Field,New Cicily
148802533,KRAMER,Carlos,5706,Church,Spring Field,New Cicily
-41808604,PECK,Jeremy,26838,S 100,Spring Field,New Cicily
394822730,LEVINE,Ricky,8880,Seventh,Spring Field,New Cicily
765523975,HERNANDEZ,Amy,5238,North,Spring Field,New Cicily
559348841,SANDOVAL,Ellen,12902,Wood,Spring Field,New Cicily
-141242713,KAUFMAN,Lynn,21171,Wood,Spring Field,New Cicily
-1892795957,RODGERS,Randall,7893,Eleventh,Spring Field,New Cicily
1341122871,GREER,Giselle,26902,Eighth,Spring Field,New Cicily
-2068459711,HEATH,Helen,7655,Shore,Spring Field,New Cicily
-1149331377,CARLSON,Bernice,25576,Malulani,Spring Field,New Cicily
1301351222,CHEN,Jonathan,10461,Airport,Spring Field,New Cicily
-1582088101,ZAVALA,Lois,2962,Cherry,Spring Field,New Cicily
-1200157248,ROBINSON,Jacqueline,29664,Elm,Spring Field,New Cicily
-1023468108,ESTES,Deanna,2795,Hampton,Spring Field,New Cicily
-138283028,FOWLER,Reginald,28147,County Line,Spring Field,New Cicily
1702443109,WYATT,Lauren,13683,Second,Spring Field,New Cicily
2040259210,PRICE,Alice,15550,Apache,Spring Field,New Cicily
-429731146,SPEARS,Jennifer,4221,S 100,Spring Field,New Cicily
-723324036,WALTON,Autumn,28593,Seventh,Spring Field,New Cicily
126981125,BURCH,Anna,9369,Pioneer,Spring Field,New Cicily
733359690,HARPER,Wesley,17572,Washington,Spring Field,New Cicily
137612648,LEWIS,Cody,4028,Cherry,Spring Field,New Cicily
606202281,CALDWELL,Roy,13866,Lake,Spring Field,New Cicily
207294051,RICHARD,Wendy,3007,Birch,Spring Field,New Cicily
-2093311847,HERMAN,Mark,21023,Main,Spring Field,New Cicily
-1379168109,CANTRELL,Karen,6273,Highland,Spring Field,New Cicily
-662052838,GOULD,Charlotte,8253,Elm,Spring Field,New Cicily
-453554489,HUYNH,Elizabeth,6736,Hillside,Spring Field,New Cicily
-152285228,ALI,Jayden,4220,Lincoln,Spring Field,New Cicily
1180603840,MORA,Theresa,17332,Canyon,Spring Field,New Cicily
447067586,MOLINA,Hector,23714,Ridge,Spring Field,New Cicily
133641360,EVANS,Carolyn,2845,Lehua,Spring Field,New Cicily
867667352,RAY,Yvonne,22098,Lee,Spring Field,New Cicily
-2138344289,ROCHA,Ellie,2432,Quail,Spring Field,New Cicily
51493682,HESTER,Jimmy,22223,Mountain View,Spring Field,New Cicily
-16704017,FARLEY,Jason,17333,Fourth,Spring Field,New Cicily
71467962,WEBB,Gina,16296,Johnson,Spring Field,New Cicily
-2144708693,MEJIA,Reginald,21895,Williams,Spring Field,New Cicily
2084958743,DECKER,Kent,27735,Tenth,Spring Field,New Cicily
217330011,TURNER,Craig,28187,Fifth,Spring Field,New Cicily
-1482151046,SHARP,Mackenzie,9744,Quail,Spring Field,New Cicily
-2003570897,PETTY,Jesus,14726,Shore,Spring Field,New Cicily
-766502910,WHITNEY,Stephen,24842,Pecan,Spring Field,New Cicily
543504199,WERNER,Logan,19164,Broadway,Spring Field,New Cicily
298878554,MCINTYRE,Devin,9966,A,Spring Field,New Cicily
-359052335,CHEN,Kirsten,19146,Meadow,Spring Field,New Cicily
640312783,BEAN,Raymond,21255,Johnson,Spring Field,New Cicily
1996110239,COOLEY,Sam,28035,Kukui,Spring Field,New Cicily
413443119,RANDALL,Willie,11374,Wilson,Spring Field,New Cicily
850288629,JACKSON,Ariel,6967,First,Spring Field,New Cicily
73539741,HART,Jack,19802,Williams,Spring Field,New Cicily
1967726732,CLAY,Angie,20436,Columbine,Spring Field,New Cicily
-1228146052,NOBLE,Vanessa,15176,Canyon,Spring Field,New Cicily
370160497,JOSEPH,Scott,19826,Laurel,Spring Field,New Cicily
531534557,GEORGE,Milton,27619,Shore,Spring Field,New Cicily
-1033728997,BARR,Heather,12389,Quail,Spring Field,New Cicily
-1410395523,MORRIS,Tricia,5179,Pine,Spring Field,New Cicily
2113444117,JAMES,Debra,11413,Wood,Spring Field,New Cicily
-205465628,HARPER,Angel,6124,Evergreen,Spring Field,New Cicily
-48668020,ROWLAND,Gregg,13590,Walnut,Spring Field,New Cicily
1865738382,GRIFFITH,Clayton,19917,Church,Spring Field,New Cicily
274127796,HARRINGTON,Jessie,25649,Third,Spring Field,New Cicily
-1118862736,SPENCE,Frederick,5451,Hampton,Spring Field,New Cicily
-1752620462,GREER,Crystal,16034,Main,Spring Field,New Cicily
241238302,WILCOX,Ayden,10032,Sycamore,Spring Field,New Cicily
-1131771359,BULLOCK,James,15107,Elm,Spring Field,New Cicily
1034162653,VAZQUEZ,Joel,13197,Third,Spring Field,New Cicily
-1449008779,SHAFFER,Marc,7376,Canyon,Spring Field,New Cicily
-1954537743,MARTIN,Lisa,12546,Oak,Spring Field,New Cicily
417149579,SALINAS,Virgil,14817,Fourth,Spring Field,New Cicily
-1544650811,VALENTINE,Theresa,23617,Jackson,Spring Field,New Cicily
258903194,ASHLEY,Collin,14916,Hampton,Spring Field,New Cicily
-2023764022,FUENTES,Eddie,4012,Navajo,Spring Field,New Cicily
301993367,PARKER,Kevin,22256,S 100,Spring Field,New Cicily
-200948127,MURILLO,Alvin,12057,Park,Spring Field,New Cicily
1558281780,HAYDEN,Herbert,25686,Hill,Spring Field,New Cicily
-192702804,HOOPER,Andre,17433,Highland,Spring Field,New Cicily
1664141905,LANDRY,Dwayne,23879,Elm,Spring Field,New Cicily
-1641397629,ODOM,Kristopher,11397,Ridge,Spring Field,New Cicily
130703385,BRUCE,Erik,18983,Jackson,Spring Field,New Cicily
2067672851,REESE,Billy,12855,S 100,Spring Field,New Cicily
2106573799,BRYAN,Debra,25092,Lincoln,Spring Field,New Cicily
-1442312643,LEBLANC,Tiffany,13865,Meadow,Spring Field,New Cicily
792662957,SANFORD,Martha,15384,Birch,Spring Field,New Cicily
654137157,GENTRY,Isabella,7846,Hemlock,Spring Field,New Cicily
1057268071,GORDON,Jackson,20520,Palo Verde,Spring Field,New Cicily
720239149,ROBERTS,Virginia,20046,Walnut,Spring Field,New Cicily
137366091,MCGEE,Bill,11342,N 400,Spring Field,New Cicily
1616037008,BEAN,Michelle,16570,Cypress,Spring Field,New Cicily
684090396,CHAPMAN,Rebecca,9866,A,Spring Field,New Cicily
1154946609,SANTANA,Benjamin,740,Jackson,Spring Field,New Cicily
551599135,DAVIS,Veronica,3687,Aloha,Spring Field,New Cicily
524064711,ROBERTSON,Allen,17959,Lehua,Spring Field,New Cicily
-730659718,MCCARTY,Allen,6472,River,Spring Field,New Cicily
-421260407,HIGGINS,Karen,8987,Laurel,Spring Field,New Cicily
407299788,STEPHENSON,Arthur,1332,Quail,Spring Field,New Cicily
-2146019666,PIERCE,Edward,24280,Redwood,Spring Field,New Cicily
-2104009482,HANSEN,Erin,28226,Hill,Spring Field,New Cicily
-280717972,BRIGGS,Diana,3162,West,Spring Field,New Cicily
-828698665,GARRISON,Amy,19078,Kansas,Spring Field,New Cicily
1321421311,MONTOYA,Alexandria,10577,Broadway,Spring Field,New Cicily
301235696,WALTER,Debra,25331,Eighth,Spring Field,New Cicily
-244323405,DONOVAN,Stephen,12526,Malulani,Spring Field,New Cicily
-1015639258,MORSE,Debbie,18348,Sixth,Spring Field,New Cicily
1764763157,WHITEHEAD,Jermaine,16518,Hillside,Spring Field,New Cicily
-1985239582,FLORES,Johnny,10174,River,Spring Field,New Cicily
-2093392820,PHAM,Isaac,2918,N 400,Spring Field,New Cicily
-587051328,HUFFMAN,Leslie,18192,Palo Verde,Spring Field,New Cicily
1353086536,BRYANT,Dustin,6065,Hemlock,Spring Field,New Cicily
1064913914,SHERMAN,Franklin,2031,Pinon,Spring Field,New Cicily
2054216943,CROSS,Billy,1490,Eighth,Spring Field,New Cicily
7746844,LAMB,Elijah,24028,Birch,Spring Field,New Cicily
-42895210,PATRICK,Bradley,16918,Hampton,Spring Field,New Cicily
1853079824,COCHRAN,Harriet,15727,Lake,Spring Field,New Cicily
-138257334,STOUT,Cynthia,6004,Airport,Spring Field,New Cicily
2039202156,BRANDT,June,1341,A,Spring Field,New Cicily
-455506076,FRITZ,Elizabeth,1275,Apache,Spring Field,New Cicily
133853675,MORALES,Scott,10967,Seventh,Spring Field,New Cicily
215931442,HANSON,Peter,4526,Tenth,Spring Field,New Cicily
2139413630,GOMEZ,Edwin,15642,Magnolia,Spring Field,New Cicily
-535475193,DUDLEY,Lester,20111,Redwood,Spring Field,New Cicily
-1012336571,QUINN,Deanna,13153,Main,Spring Field,New Cicily
1071993630,LANE,Gilbert,2385,N 400,Spring Field,New Cicily
-2126981574,SHEPPARD,Vernon,295,Airport,Spring Field,New Cicily
-2069596592,DAVIES,Esther,9593,Kansas,Spring Field,New Cicily
44105514,PALMER,Betty,10234,Holly,Spring Field,New Cicily
-308214510,NEWTON,Gianna,16003,Pioneer,Spring Field,New Cicily
651856819,SEXTON,Martin,19801,Hill,Spring Field,New Cicily
-2037383943,STEVENSON,Kelly,13108,Quail,Spring Field,New Cicily
1067042116,BOONE,Audrey,21490,Meadow,Spring Field,New Cicily
-2137626477,FRENCH,Noah,6937,Bay,Spring Field,New Cicily
2043431732,ZUNIGA,Melanie,14410,Seventh,Spring Field,New Cicily
163960962,YOUNG,Ruth,29127,Eleventh,Spring Field,New Cicily
-1446254924,DOMINGUEZ,Courtney,10966,Holly,Spring Field,New Cicily
-1543629843,FLYNN,Michael,28982,Williams,Spring Field,New Cicily
1610159085,FOX,Chelsea,17680,Bay,Spring Field,New Cicily
674719239,NICHOLSON,Omar,19553,Narragansett,Spring Field,New Cicily
-754154111,BENJAMIN,Derrick,23715,Third,Spring Field,New Cicily
379980405,BERNARD,Terrance,23556,Lincoln,Spring Field,New Cicily
2032257623,BENSON,Owen,8788,Birch,Spring Field,New Cicily
-686042957,HALE,Nicole,5576,Laurel,Spring Field,New Cicily
-425100581,WASHINGTON,Alfred,6172,Pine,Spring Field,New Cicily
-227535677,DUNLAP,Danny,13092,Jackson,Spring Field,New Cicily
1337419142,ERICKSON,Sherry,27110,Birch,Spring Field,New Cicily
1977312684,NICHOLS,Shannon,12523,Third,Spring Field,New Cicily
-2004547204,SILVA,Janet,29192,Oak,Spring Field,New Cicily
-2062419107,DURAN,Holly,2257,Laurel,Spring Field,New Cicily
-1708718661,MARSH,Tracy,16363,Eleventh,Spring Field,New Cicily
-1724417932,HODGE,Terry,20401,Maple,Spring Field,New Cicily
-1847280026,GAY,Ricky,18453,Palo Verde,Spring Field,New Cicily
-1266592413,CHASE,Jessica,16207,Redwood,Spring Field,New Cicily
1999040732,BURGESS,Russell,14402,Hickory,Spring Field,New Cicily
-1326258018,KRAUSE,Albert,10786,Kahili,Spring Field,New Cicily
587315125,MCCONNELL,Jazmin,7642,S 100,Spring Field,New Cicily
-2050143500,ANDERSEN,Cheryl,2519,Highland,Spring Field,New Cicily
1138723100,SANDERS,Isabella,14399,Lakeview,Spring Field,New Cicily
-1993508866,NELSON,Joe,21459,Fourth,Spring Field,New Cicily
-147218767,HOOVER,Caleb,5700,Palo Verde,Spring Field,New Cicily
-2079031760,LONG,Calvin,15328,Kukui,Spring Field,New Cicily
-1630850067,NIELSEN,Jim,4086,Dogwood,Spring Field,New Cicily
-676404202,MCPHERSON,Mallory,23951,Lehua,Spring Field,New Cicily
-1295097110,BENTLEY,Marsha,17706,Cypress,Spring Field,New Cicily
-263714665,NELSON,Lester,25150,Smith,Spring Field,New Cicily
-2134728741,POTTS,Erica,18424,Dogwood,Spring Field,New Cicily
-297874274,HARVEY,Bernard,19302,Park,Spring Field,New Cicily
253854611,MORENO,Larry,23226,Magnolia,Spring Field,New Cicily
650323015,MCLAUGHLIN,Leah,15049,Thirteenth,Spring Field,New Cicily
2020729783,HUNT,Cindy,8790,Twelfth,Spring Field,New Cicily
-1430523249,LUCAS,Curtis,14417,Cypress,Spring Field,New Cicily
1502720690,RUIZ,Vincent,29937,Pine,Spring Field,New Cicily
1052321015,MATTHEWS,Jessie,4786,Kansas,Spring Field,New Cicily
552514916,TRUJILLO,Jesus,10462,Holly,Spring Field,New Cicily
-1717964455,MALONE,Marissa,17955,Hillside,Spring Field,New Cicily
-1748538740,TANNER,Rose,18943,Highland,Spring Field,New Cicily
-188190449,CALDWELL,Donald,22128,Jackson,Spring Field,New Cicily
331264657,DELGADO,Hannah,23101,Walnut,Spring Field,New Cicily
205052358,BARRY,Breanna,29904,Apache,Spring Field,New Cicily
-23106263,MEADOWS,Connie,22244,Pioneer,Spring Field,New Cicily
505300946,WEAVER,Kelly,14104,Airport,Spring Field,New Cicily
-2397692,LITTLE,Diane,16998,Pinon,Spring Field,New Cicily
-1821380803,RIOS,Scott,17811,Smith,Spring Field,New Cicily
-690743618,HENSLEY,Ellie,14806,Fourth,Spring Field,New Cicily
-542029781,HODGES,Chester,28542,Lee,Spring Field,New Cicily
-357897622,ARROYO,Brent,6903,Columbine,Spring Field,New Cicily
-766093129,RICHARD,Michelle,29863,Johnson,Spring Field,New Cicily
1513642973,CERVANTES,Luis,21780,Fourth,Spring Field,New Cicily
1806479860,RIGGS,Bonnie,9035,Wilson,Spring Field,New Cicily
30484493,MURRAY,David,25472,Eighth,Spring Field,New Cicily
-56142154,JUAREZ,Danny,5572,Seventh,Spring Field,New Cicily
-1011422914,SANTANA,Aaliyah,15979,Evergreen,Spring Field,New Cicily
1704130385,CERVANTES,Kenneth,28525,Lee,Spring Field,New Cicily
869532264,ESTES,Andrew,10470,Birch,Spring Field,New Cicily
2026643544,WARD,Colin,8359,Holly,Spring Field,New Cicily
1586775792,HOFFMAN,Cynthia,1433,Sycamore,Spring Field,New Cicily
-1699933843,CONLEY,Trevor,16455,Willow,Spring Field,New Cicily
159410247,THOMPSON,Linda,29735,Walnut,Spring Field,New Cicily
777167350,CARDENAS,Ian,11288,Kahili,Spring Field,New Cicily
4966671,WARD,Jim,11438,First,Spring Field,New Cicily
-1646537485,SANCHEZ,Chad,13660,Cedar,Spring Field,New Cicily
1073661611,ATKINSON,Guy,29776,Sixth,Spring Field,New Cicily
-1670466019,ALLEN,Vicki,16637,Washington,Spring Field,New Cicily
1794060877,VASQUEZ,Kelsey,8728,Birch,Spring Field,New Cicily
1495809975,BUCK,Stephen,12307,Main,Spring Field,New Cicily
-1635425090,MERCER,Wallace,12593,Pleasant,Spring Field,New Cicily
218758828,MADDEN,Kiara,11362,Laurel,Spring Field,New Cicily
1025519706,HATFIELD,Carolyn,5558,Cottonwood,Spring Field,New Cicily
-112137495,VILLEGAS,Lonnie,16409,Kukui,Spring Field,New Cicily
-1788338781,PECK,Martin,23117,S 100,Spring Field,New Cicily
2140017695,FARLEY,Lisa,6597,Broadway,Spring Field,New Cicily
429342175,SANCHEZ,Grant,14649,Willow,Spring Field,New Cicily
1790030317,BRADFORD,Russell,20079,Mesquite,Spring Field,New Cicily
1874154535,GRANT,Brenda,14760,River,Spring Field,New Cicily
-1963131519,ROWLAND,Joanna,12353,Eighth,Spring Field,New Cicily
-1894168268,NICHOLSON,Brandi,21274,S 100,Spring Field,New Cicily
-1261656162,STEWART,Brittany,919,Hampton,Spring Field,New Cicily
-1599397245,WALLS,Melvin,6267,Bay,Spring Field,New Cicily
1508142632,TERRELL,Calvin,18222,First,Spring Field,New Cicily
583428393,JOSEPH,Michael,16749,Hickory,Spring Field,New Cicily
-830419687,WONG,Tabitha,13597,Sunset,Spring Field,New Cicily
-1484170092,LAMB,Richard,21400,Shore,Spring Field,New Cicily
-1678448329,WALKER,Anna,1908,Orchard,Spring Field,New Cicily
2037160544,JOHNSON,Regina,28917,Holly,Spring Field,New Cicily
2136545843,KNIGHT,Cameron,4688,Cypress,Spring Field,New Cicily
1669711644,CONTRERAS,Meredith,28601,Holly,Spring Field,New Cicily
-149587747,GLENN,Cynthia,1231,Main,Spring Field,New Cicily
-949531517,HURLEY,Lillian,18618,Hemlock,Spring Field,New Cicily
129765494,EVANS,Anna,3039,Maple,Spring Field,New Cicily
-735116666,HINTON,Douglas,18628,Elm,Spring Field,New Cicily
-1902887279,BAUTISTA,Heather,27527,West,Spring Field,New Cicily
-930722715,ORR,Phyllis,8978,Delaware,Spring Field,New Cicily
-50976171,HORTON,Floyd,18373,Mesquite,Spring Field,New Cicily
997491967,MORRIS,Willie,283,Hampton,Spring Field,New Cicily
-571548837,SIMS,Dwayne,26238,Cypress,Spring Field,New Cicily
-1769598743,GARDNER,Bruce,19262,Fourth,Spring Field,New Cicily
1965290073,RANDOLPH,Arthur,15124,Columbine,Spring Field,New Cicily
-235767177,HUFFMAN,Tiffany,22844,Pleasant,Spring Field,New Cicily
159140222,RUBIO,Tina,22229,Mesquite,Spring Field,New Cicily
-1737633518,WALLS,Mckenzie,10983,Twelfth,Spring Field,New Cicily
-378940175,BARRON,Allan,19567,Fourth,Spring Field,New Cicily
2142284470,BAUER,Emily,12529,Holly,Spring Field,New Cicily
149476523,ROACH,Jack,23636,Palo Verde,Spring Field,New Cicily
-173430593,DANIELS,Angie,16211,Evergreen,Spring Field,New Cicily
33238269,STAFFORD,Karen,20649,Kahili,Spring Field,New Cicily
-1648313782,ESTES,Jeffrey,23145,Pleasant,Spring Field,New Cicily
15319944,GENTRY,James,23803,Elm,Spring Field,New Cicily
-791493759,DAVIDSON,Pamela,24439,Second,Spring Field,New Cicily
1997517904,ANDRADE,Grace,6526,S 100,Spring Field,New Cicily
1080024477,ROBERTSON,Tyler,7131,Fifth,Spring Field,New Cicily
148884409,PETTY,Kurt,18879,Redwood,Spring Field,New Cicily
-989251185,TAYLOR,Kelsey,19125,Navajo,Spring Field,New Cicily
-66817449,ANDRADE,Owen,10595,Kahili,Spring Field,New Cicily
-1027499650,ROBLES,Danielle,3515,Fifth,Spring Field,New Cicily
152775756,SCHAEFER,Joel,10009,Maple,Spring Field,New Cicily
-1795119309,CARR,Tammy,8953,Center,Spring Field,New Cicily
509779220,ARCHER,Benjamin,25489,Sycamore,Spring Field,New Cicily
-733096807,JOHNSTON,Brittany,20006,Malulani,Spring Field,New Cicily
-195227453,ROSARIO,Bryce,9006,Meadow,Spring Field,New Cicily
1481599870,BROWNING,Thelma,2609,Laurel,Spring Field,New Cicily
1820837975,ANDREWS,Alvin,3102,Jackson,Spring Field,New Cicily
-1635133007,ZUNIGA,Joe,14775,Aspen,Spring Field,New Cicily
1170864007,WEBER,Desiree,25320,Pleasant,Spring Field,New Cicily
-2048898563,MEZA,Keith,9772,Meadow,Spring Field,New Cicily
1752500478,MERCADO,Tony,7012,Cottonwood,Spring Field,New Cicily
282291037,FIELDS,Marcia,567,Ridge,Spring Field,New Cicily
410684629,KOCH,Julian,2704,Willow,Spring Field,New Cicily
635690778,STUART,Crystal,5945,Center,Spring Field,New Cicily
289174912,COPELAND,Bradley,9967,Mesquite,Spring Field,New Cicily
-1452510078,SHELTON,Earl,22434,Second,Spring Field,New Cicily
152458482,RUSSO,Mary,9725,Malulani,Spring Field,New Cicily
955028834,SHELTON,Crystal,18940,North,Spring Field,New Cicily
-1534603615,PATTERSON,Joy,16861,Kansas,Spring Field,New Cicily
221647993,BULLOCK,Charlotte,17816,Hillside,Spring Field,New Cicily
-839697101,ANDERSON,Nathaniel,21617,Wood,Spring Field,New Cicily
-1516640869,SANDOVAL,Pam,5909,Eleventh,Spring Field,New Cicily
-180799328,CUNNINGHAM,Karen,28120,Hampton,Spring Field,New Cicily
2126782,RAY,Amy,1290,Hill,Spring Field,New Cicily
725242648,STEPHENS,Richard,18750,Columbine,Spring Field,New Cicily
-1276580615,FRANCIS,Mikayla,16899,Pine,Spring Field,New Cicily
661443374,SPENCE,Martin,6871,S 100,Spring Field,New Cicily
2090829772,LEWIS,Cindy,17262,Eighth,Spring Field,New Cicily
143221634,HURST,Marc,205,Canyon,Spring Field,New Cicily
1020989528,LEVINE,Kristen,26820,Walnut,Spring Field,New Cicily
-1890483590,OBRIEN,Ruby,7536,Sixth,Spring Field,New Cicily
-825415284,PRATT,Nathan,29497,Redwood,Spring Field,New Cicily
-876236763,PADILLA,Doreen,9032,Lake,Spring Field,New Cicily
-106750610,MALONE,Patricia,26758,Delaware,Spring Field,New Cicily
-2112798845,GRAVES,Joel,10954,Malulani,Spring Field,New Cicily
-1912986273,NORMAN,Lisa,6403,Seventh,Spring Field,New Cicily
1318145760,MITCHELL,Bonnie,19376,Ridge,Spring Field,New Cicily
351460714,SCHMITT,Caleb,596,S 100,Spring Field,New Cicily
-1886568967,WATTS,Nancy,11763,Magnolia,Spring Field,New Cicily
1480707069,ESPARZA,Jerry,28029,Highland,Spring Field,New Cicily
843453885,GREER,Amelia,13803,Hill,Spring Field,New Cicily
-1522943684,KRUEGER,Manuel,19465,Lee,Spring Field,New Cicily
-178670228,HODGES,Beverly,7390,Hampton,Spring Field,New Cicily
18898860,ROBBINS,Whitney,24856,Broadway,Spring Field,New Cicily
-1466231469,REILLY,Justin,5148,Cedar,Spring Field,New Cicily
2139997663,HOWE,Christopher,26261,Orchard,Spring Field,New Cicily
1450063317,CHANDLER,Sandra,15620,Kahili,Spring Field,New Cicily
-541553111,OSBORN,Jennifer,23436,Center,Spring Field,New Cicily
-2020628592,BAKER,Jaime,26607,Smith,Spring Field,New Cicily
-1960874697,MERCER,Anna,28857,North,Spring Field,New Cicily
526004000,RICHARD,Phillip,26492,Third,Spring Field,New Cicily
1091875396,BONILLA,Marissa,2974,Thirteenth,Spring Field,New Cicily
-1516176390,BLAKE,Frances,602,Jackson,Spring Field,New Cicily
847145388,BLANKENSHIP,Glen,476,Spruce,Spring Field,New Cicily
1577704701,OSBORNE,Danny,1570,Walnut,Spring Field,New Cicily
1565217649,COSTA,Charles,25091,Center,Spring Field,New Cicily
1951517907,CHARLES,Maxwell,20920,Cedar,Spring Field,New Cicily
937552787,DUARTE,Deanna,22776,Airport,Spring Field,New Cicily
-1322198844,CHRISTENSEN,Alyssa,15369,Willow,Spring Field,New Cicily
1620715223,LANG,Latoya,6389,Johnson,Spring Field,New Cicily
-1713485365,JOHNS,Tommy,29140,Lakeview,Spring Field,New Cicily
1590404166,LAMB,Gerald,21958,Mesquite,Spring Field,New Cicily
-695645478,FIGUEROA,Dustin,5760,Kansas,Spring Field,New Cicily
2041191890,MILLS,April,29780,Seventh,Spring Field,New Cicily
-221843107,MATHIS,Brenda,25962,Eleventh,Spring Field,New Cicily
146499081,FINLEY,Hayden,27026,Delaware,Spring Field,New Cicily
24863507,WALLS,Candice,21266,Lehua,Spring Field,New Cicily
19205794,GENTRY,Jesse,12830,Sixth,Spring Field,New Cicily
-1976375103,RUBIO,Karen,3181,Lehua,Spring Field,New Cicily
1719641153,VALENCIA,Harvey,16824,Maple,Spring Field,New Cicily
975043088,ORTEGA,Johnnie,18764,Wilson,Spring Field,New Cicily
-1284980806,BERNARD,Tonya,7931,Wilson,Spring Field,New Cicily
-1272978958,PITTMAN,Benjamin,733,Redwood,Spring Field,New Cicily
-1939710877,PATTON,Jim,25335,Hill,Spring Field,New Cicily
-1743202027,WEEKS,Sarah,9460,Mountain View,Spring Field,New Cicily
309960661,HUYNH,Teresa,1031,A,Spring Field,New Cicily
-2016127580,COPELAND,Louise,17823,Lehua,Spring Field,New Cicily
-1843494574,COOKE,Peter,23138,Sunset,Spring Field,New Cicily
-1938805910,FERNANDEZ,Lewis,22088,Canyon,Spring Field,New Cicily
-1557776471,MCCORMICK,Bobby,26154,Malulani,Spring Field,New Cicily
1967861695,HAHN,Angel,11860,Eighth,Spring Field,New Cicily
551826253,CASTRO,Benjamin,2688,Laurel,Spring Field,New Cicily
351113827,LINDSEY,Sierra,1914,Cypress,Spring Field,New Cicily
-1602466130,WEBB,Samantha,29124,Evergreen,Spring Field,New Cicily
-2011053565,ODOM,Logan,23426,S 400,Spring Field,New Cicily
394042458,FRENCH,Barbara,19230,Wilson,Spring Field,New Cicily
-1742645942,MCINTOSH,Eli,19335,Lee,Spring Field,New Cicily
1110829298,SHAFFER,Paulette,325,Sunset,Spring Field,New Cicily
8088063,WOOD,Elijah,17880,Walnut,Spring Field,New Cicily
143653035,CASEY,Sean,16144,Highland,Spring Field,New Cicily
-2143085721,EVANS,Caroline,27377,Orchard,Spring Field,New Cicily
-1038587341,PERKINS,Denise,9488,Willow,Spring Field,New Cicily
2132507480,TERRY,Doris,25328,Ridge,Spring Field,New Cicily
-1009174164,BARRETT,Monica,12796,Fourth,Spring Field,New Cicily
-996567368,SULLIVAN,Mia,28162,Magnolia,Spring Field,New Cicily
-2051220005,ANDREWS,Peter,15936,Pioneer,Spring Field,New Cicily
-1783264395,CHASE,Ricky,16315,Airport,Spring Field,New Cicily
-1971234215,ANDERSON,Stacy,6195,N 400,Spring Field,New Cicily
1863996386,RICHARDS,Rachel,19525,Bay,Spring Field,New Cicily
307995997,VALDEZ,Theodore,19113,Sycamore,Spring Field,New Cicily
-1511450162,GOULD,Frances,17143,Johnson,Spring Field,New Cicily
-467799454,GAMBLE,Lester,9890,Smith,Spring Field,New Cicily
1661939629,FRANCO,Anthony,8323,Ninth,Spring Field,New Cicily
253001934,BRYANT,Jeffery,8450,Malulani,Spring Field,New Cicily
1711306039,BENJAMIN,Adriana,23543,Eleventh,Spring Field,New Cicily
478769950,NEWTON,Crystal,3203,Elm,Spring Field,New Cicily
1818526301,LARSON,Anthony,17758,Hickory,Spring Field,New Cicily
-1896067293,FRY,Loretta,23363,Hampton,Spring Field,New Cicily
-1747857542,PATTERSON,Edward,11076,Elm,Spring Field,New Cicily
724735769,SHELTON,Kerry,8088,Narragansett,Spring Field,New Cicily
-732718173,JOHNSTON,Brittney,10528,Cottonwood,Spring Field,New Cicily
8757051,HOLDER,Holly,7169,Lake,Spring Field,New Cicily
-1446868057,SHEPARD,Kari,27878,Park,Spring Field,New Cicily
1862118208,PAYNE,Gloria,14311,Hickory,Spring Field,New Cicily
1793749439,MCCARTHY,Shelly,13396,Ridge,Spring Field,New Cicily
806252921,EDWARDS,Alice,7051,Thirteenth,Spring Field,New Cicily
1165789753,ARCHER,Rebecca,21475,Main,Spring Field,New Cicily
86660923,YODER,Ann,1740,Lake,Spring Field,New Cicily
-610050474,FRIEDMAN,Katherine,18138,Sunset,Spring Field,New Cicily
30605134,NELSON,Craig,20668,Broadway,Spring Field,New Cicily
-287716934,BRANDT,David,12931,Navajo,Spring Field,New Cicily
2041915298,BUCK,Darin,26327,River,Spring Field,New Cicily
157614152,BARNES,Manuel,19973,Center,Spring Field,New Cicily
383030732,COOPER,Micheal,7557,Hampton,Spring Field,New Cicily
-1834347162,MCDANIEL,Dana,16863,Aspen,Spring Field,New Cicily
-1334864736,SAUNDERS,Rosemary,23776,Pioneer,Spring Field,New Cicily
-1325396130,HEATH,Monica,11889,Wilson,Spring Field,New Cicily
2051542351,BURTON,Tony,6200,Cottonwood,Spring Field,New Cicily
-1558109931,BALLARD,Hannah,23900,Eleventh,Spring Field,New Cicily
1605028545,JARVIS,Sharon,23201,A,Spring Field,New Cicily
-2012933545,PRINCE,Brittany,13485,West,Spring Field,New Cicily
217932261,ZHANG,Nichole,4885,Mountain View,Spring Field,New Cicily
83014021,BARR,Todd,6649,Mountain View,Spring Field,New Cicily
-1357386231,REED,Valerie,27726,Laurel,Spring Field,New Cicily
-1879268403,FUENTES,Jerry,22923,Holly,Spring Field,New Cicily
74195582,RAY,Mark,5364,Fifth,Spring Field,New Cicily
1512147505,FERNANDEZ,Douglas,19756,Bay,Spring Field,New Cicily
-504307157,GREEN,Sherri,5770,Willow,Spring Field,New Cicily
1483965278,CHANEY,Norman,1989,Highland,Spring Field,New Cicily
-772825950,LEE,Rebecca,6145,Holly,Spring Field,New Cicily
101877874,MORA,Cassidy,6975,Ninth,Spring Field,New Cicily
788301677,DAWSON,Kristen,27830,Mountain View,Spring Field,New Cicily
-867520139,BLACK,Phyllis,12589,Maple,Spring Field,New Cicily
-1449103891,SHANNON,Lucy,22610,Redwood,Spring Field,New Cicily
-666409773,SELLERS,Arthur,11990,Church,Spring Field,New Cicily
-1320875080,MAYER,Monica,25108,Malulani,Spring Field,New Cicily
-2113965846,ROSALES,Seth,11749,Redwood,Spring Field,New Cicily
-708696089,CLARK,Rebecca,15692,Evergreen,Spring Field,New Cicily
2141326174,COOKE,Reginald,17642,Redwood,Spring Field,New Cicily
2269373,GRIFFITH,William,28826,Magnolia,Spring Field,New Cicily
81373394,HOOD,Rosa,21675,Orchard,Spring Field,New Cicily
-406988603,FRENCH,Brenda,293,Cherry,Spring Field,New Cicily
-1190185873,HUFF,Daniel,9905,Ridge,Spring Field,New Cicily
-150325320,DUNLAP,Victor,18531,Airport,Spring Field,New Cicily
73977765,LIN,Lynn,14904,A,Spring Field,New Cicily
1505681633,THORNTON,Nathaniel,18791,Holly,Spring Field,New Cicily
-1648721398,LEVINE,Maurice,7032,Pecan,Spring Field,New Cicily
2022322208,NASH,Louise,2145,Mountain View,Spring Field,New Cicily
-2052071099,TATE,Katie,13529,Spruce,Spring Field,New Cicily
2075446913,CLARK,Carol,26912,Mountain View,Spring Field,New Cicily
-1128874451,MATTHEWS,Eddie,21231,Hill,Spring Field,New Cicily
2073594316,WISE,Edgar,19921,Navajo,Spring Field,New Cicily
-835344101,GARCIA,Madeline,1521,Elm,Spring Field,New Cicily
696485146,MALDONADO,Chad,1454,Ninth,Spring Field,New Cicily
-238770384,DAVIES,Diana,23087,Elm,Spring Field,New Cicily
-570541512,BECK,Shelia,3440,Hill,Spring Field,New Cicily
1412353993,MICHAEL,Christina,7620,Palo Verde,Spring Field,New Cicily
82550231,WEISS,Jo,6022,Mountain View,Spring Field,New Cicily
575723797,NORTON,Vicki,23930,Tenth,Spring Field,New Cicily
-2016305946,MELENDEZ,Johnathan,18967,Juniper,Spring Field,New Cicily
-740820412,MORA,Earnest,11128,Smith,Spring Field,New Cicily
133160948,MUELLER,Molly,15657,Shore,Spring Field,New Cicily
1629350912,MARQUEZ,Juan,19673,Quail,Spring Field,New Cicily
-895235365,MENDOZA,Leslie,4209,Airport,Spring Field,New Cicily
574829495,DANIEL,Jacqueline,15048,Pine,Spring Field,New Cicily
-1639634154,WOODARD,Justin,22978,Fourth,Spring Field,New Cicily
-2127030787,ALLISON,Harold,14578,Eleventh,Spring Field,New Cicily
-2081698095,LEWIS,Grace,12208,Oak,Spring Field,New Cicily
-982936299,MITCHELL,Shelia,18533,Apache,Spring Field,New Cicily
-1772923964,HOGAN,Robin,4652,Cedar,Spring Field,New Cicily
325530056,HOUSE,Brianna,12262,Smith,Spring Field,New Cicily
-1966966692,YATES,Kelly,29169,Sixth,Spring Field,New Cicily
-751168542,MARQUEZ,Betty,18005,Canyon,Spring Field,New Cicily
-1220718597,HUGHES,Arthur,7916,Church,Spring Field,New Cicily
1366863394,PARK,Madeline,26300,Magnolia,Spring Field,New Cicily
-839400596,BULLOCK,Marisa,8463,Lincoln,Spring Field,New Cicily
-1347007545,WHITAKER,Amy,15087,Fourth,Spring Field,New Cicily
77010703,WISE,Mike,24889,Hemlock,Spring Field,New Cicily
13604855,ROLLINS,Gabriela,17361,Fourth,Spring Field,New Cicily
-1264665190,WOLF,Cheyenne,9374,Sycamore,Spring Field,New Cicily
-1218329796,CHUNG,Willie,10372,Palo Verde,Spring Field,New Cicily
-1759349940,KAUFMAN,Regina,23245,Dogwood,Spring Field,New Cicily
-817616759,JIMENEZ,Anne,22173,Mesquite,Spring Field,New Cicily
698621687,MCLAUGHLIN,Tamara,1771,Narragansett,Spring Field,New Cicily
144991166,GUZMAN,Nancy,5260,Airport,Spring Field,New Cicily
-1969103114,SHELTON,Shirley,14326,Canyon,Spring Field,New Cicily
-407897304,NGUYEN,George,27954,Hill,Spring Field,New Cicily
-2052280465,ODOM,Karen,23163,Holly,Spring Field,New Cicily
-34259788,MEYERS,Billy,18838,Ninth,Spring Field,New Cicily
2010617860,ARCHER,Judy,21080,Third,Spring Field,New Cicily
-2006109536,CHANG,Joyce,11847,Sunset,Spring Field,New Cicily
1039256158,SHANNON,Vicki,13238,Pine,Spring Field,New Cicily
-2020085950,BOYLE,James,6155,Airport,Spring Field,New Cicily
-2095863698,ESTRADA,Virginia,5720,Laurel,Spring Field,New Cicily
741198661,THOMAS,Francisco,25996,Main,Spring Field,New Cicily
1508355677,ACEVEDO,Angel,23234,Kansas,Spring Field,New Cicily
2129693083,FARLEY,Adam,7420,Maple,Spring Field,New Cicily
-968557771,SHAH,Yesenia,22713,Kukui,Spring Field,New Cicily
1809854995,HUBBARD,Janice,1504,Hemlock,Spring Field,New Cicily
1334451615,CABRERA,Paul,19203,Aspen,Spring Field,New Cicily
-1782820714,KLEIN,Randy,2253,Washington,Spring Field,New Cicily
-1552531380,FARRELL,Daniel,6026,Oak,Spring Field,New Cicily
1265684596,DUDLEY,Adriana,937,Pioneer,Spring Field,New Cicily
-1700223072,MENDEZ,Thomas,24240,Cypress,Spring Field,New Cicily
-1955997770,FRY,Nolan,2646,Ninth,Spring Field,New Cicily
80531814,LARA,Felicia,23353,Dogwood,Spring Field,New Cicily
1501339185,LOGAN,Douglas,13057,Birch,Spring Field,New Cicily
144887518,LOPEZ,Kara,22765,Smith,Spring Field,New Cicily
70885804,KNOX,Gary,19552,Williams,Spring Field,New Cicily
661460889,STEELE,Manuel,12642,N 400,Spring Field,New Cicily
-1950062354,MENDEZ,Mike,12943,Ninth,Spring Field,New Cicily
-465332667,SPARKS,Stanley,19061,Hill,Spring Field,New Cicily
263823395,MONROE,Lloyd,19185,First,Spring Field,New Cicily
-619911837,CAMPBELL,Robert,5339,Spruce,Spring Field,New Cicily
-1868151341,PALMER,Mark,8153,North,Spring Field,New Cicily
-1561037613,MCMILLAN,Mark,9140,Pecan,Spring Field,New Cicily
-300011235,WALTERS,Helen,28260,First,Spring Field,New Cicily
-1163768688,HERMAN,Audrey,7797,Main,Spring Field,New Cicily
-357752229,HESS,Christine,29058,Hemlock,Spring Field,New Cicily
-698736445,BAIRD,Adriana,17186,Orchard,Spring Field,New Cicily
2081174848,BROWN,Chris,19720,Palo Verde,Spring Field,New Cicily
1853170080,FRENCH,Steven,29248,Park,Spring Field,New Cicily
-1624386201,BROCK,Barbara,15046,A,Spring Field,New Cicily
-1025649499,BROWNING,Natalie,27064,Walnut,Spring Field,New Cicily
238532478,BLACKBURN,Jeremiah,22160,Pleasant,Spring Field,New Cicily
294419760,GILES,Joanne,4281,Sixth,Spring Field,New Cicily
-1705770817,ZIMMERMAN,Gloria,16649,Pinon,Spring Field,New Cicily
-1522263006,CRAWFORD,Kenneth,24745,Airport,Spring Field,New Cicily
-2030485106,POTTER,Gabrielle,12016,Lakeview,Spring Field,New Cicily
1127666058,GILBERT,Matthew,25443,Aspen,Spring Field,New Cicily
43041127,ELLIOTT,Clinton,27112,Aspen,Spring Field,New Cicily
-1535329859,SELLERS,Alan,17256,Hillside,Spring Field,New Cicily
-1861518474,PINEDA,Leon,1793,Laurel,Spring Field,New Cicily
-78252099,CHERRY,Julie,25763,Malulani,Spring Field,New Cicily
713974770,GARRISON,Bianca,19185,Second,Spring Field,New Cicily
474518922,ELLISON,Jennifer,22121,Ridge,Spring Field,New Cicily
-254605423,AGUILAR,Luis,19825,Cottonwood,Spring Field,New Cicily
661933902,STUART,Manuel,12421,Center,Spring Field,New Cicily
-775675513,LEVY,Mercedes,10433,Church,Spring Field,New Cicily
145476045,MOYER,Juan,25055,Mountain View,Spring Field,New Cicily
-2005321478,ROMAN,James,14750,Second,Spring Field,New Cicily
2087788753,RICH,Kathleen,22946,Sixth,Spring Field,New Cicily
-1712363261,HULL,Jeffrey,16037,Fourth,Spring Field,New Cicily
-758103328,HARPER,Jennifer,23363,Sunset,Spring Field,New Cicily
-347016239,MITCHELL,Alan,2410,Elm,Spring Field,New Cicily
1882353057,ESPARZA,Cooper,19181,Magnolia,Spring Field,New Cicily
1481471036,HAMMOND,Jake,13883,Malulani,Spring Field,New Cicily
130720623,WINTERS,Hannah,21961,Tenth,Spring Field,New Cicily
-2050701021,GLOVER,Nicolas,8384,Wood,Spring Field,New Cicily
-2039925363,THORNTON,Karl,20515,First,Spring Field,New Cicily
-1966885077,BUCK,Nancy,24943,Fourth,Spring Field,New Cicily
1410503042,NIELSEN,Ronnie,4065,Canyon,Spring Field,New Cicily
-809180008,JOHNSTON,Janice,21061,Juniper,Spring Field,New Cicily
1565395396,CURRY,Charles,23082,Apache,Spring Field,New Cicily
-493614725,WEEKS,Sharon,573,Sycamore,Spring Field,New Cicily
-500038059,WARE,Norman,310,Ridge,Spring Field,New Cicily
312290069,KHAN,Marilyn,6656,Park,Spring Field,New Cicily
1580647795,VILLARREAL,Tamara,840,Laurel,Spring Field,New Cicily
1814686172,BELL,Darrell,22205,Pleasant,Spring Field,New Cicily
-1639156919,SALINAS,Mark,3892,Kahili,Spring Field,New Cicily
-1319299303,DELACRUZ,Stanley,5792,Cedar,Spring Field,New Cicily
-2135896845,LITTLE,Sydney,7562,Cherry,Spring Field,New Cicily
-1916377094,SCHAEFER,Mason,22705,Eleventh,Spring Field,New Cicily
1034175890,VAZQUEZ,Jose,4493,Smith,Spring Field,New Cicily
60342132,NORTON,Diana,17727,Shore,Spring Field,New Cicily
35234087,ROMAN,Jessie,22406,Church,Spring Field,New Cicily
122803510,SPARKS,Angel,19765,Church,Spring Field,New Cicily
71397150,DAY,Jack,19904,Cottonwood,Spring Field,New Cicily
1596595793,DOMINGUEZ,Jimmy,9784,Wood,Spring Field,New Cicily
963646316,HERRING,Herbert,26135,Pinon,Spring Field,New Cicily
-1925310372,BRAY,Hayden,23588,Delaware,Spring Field,New Cicily
-808900919,MIDDLETON,Marissa,28365,Pecan,Spring Field,New Cicily
75647136,BIRD,Lori,26647,Seventh,Spring Field,New Cicily
1444150940,DILLON,Sherry,29863,Wilson,Spring Field,New Cicily
-617463672,DIXON,Shannon,26462,Willow,Spring Field,New Cicily
292295272,DOUGLAS,Corey,3031,Meadow,Spring Field,New Cicily
977547146,MANNING,Sharon,14384,Lake,Spring Field,New Cicily
-702616103,BLEVINS,Wesley,21269,Highland,Spring Field,New Cicily
140560799,HUYNH,Jean,10867,Navajo,Spring Field,New Cicily
-494977955,QUINN,Sherry,11782,County Line,Spring Field,New Cicily
1796522352,DICKERSON,Joanne,16784,Wilson,Spring Field,New Cicily
1558312730,PETERSON,Evelyn,23138,Pleasant,Spring Field,New Cicily
-2073667321,HUNT,Carter,16385,Columbine,Spring Field,New Cicily
2006481031,ARROYO,Evan,15527,Ridge,Spring Field,New Cicily
1480840241,RODGERS,Melinda,10952,Oak,Spring Field,New Cicily
-224499694,CASTANEDA,Ernest,10400,Broadway,Spring Field,New Cicily
-16717544,LARSEN,Daryl,21579,Hickory,Spring Field,New Cicily
-522665944,HO,Elizabeth,29134,Malulani,Spring Field,New Cicily
890610061,WARE,Josephine,11433,A,Spring Field,New Cicily
-1004487464,ATKINSON,Carson,26207,Oak,Spring Field,New Cicily
-1857418148,WALLER,Terrence,2091,Tenth,Spring Field,New Cicily
994654207,PARRISH,Gilbert,974,Evergreen,Spring Field,New Cicily
-1817395396,KIDD,Shane,8531,Holly,Spring Field,New Cicily
-795861313,LITTLE,Lindsay,21194,Highland,Spring Field,New Cicily
815993495,HAMPTON,Annette,23917,Johnson,Spring Field,New Cicily
1815820125,HOPKINS,Eva,23926,Wood,Spring Field,New Cicily
145516966,BATES,Vera,1242,Broadway,Spring Field,New Cicily
-1509202047,BALL,Walter,21252,Mountain View,Spring Field,New Cicily
966325050,LINDSEY,Jeff,29444,Fifth,Spring Field,New Cicily
-1786974425,RODRIGUEZ,Briana,20422,West,Spring Field,New Cicily
150279275,RUSSO,June,8568,N 400,Spring Field,New Cicily
810532410,HOOPER,Suzanne,7985,Quail,Spring Field,New Cicily
982038132,LEON,Stephanie,21502,Hill,Spring Field,New Cicily
-1323806501,DIXON,Phillip,430,Lakeview,Spring Field,New Cicily
-248651907,CONWAY,Doris,481,Lake,Spring Field,New Cicily
2057577332,HOOVER,Sylvia,28929,Dogwood,Spring Field,New Cicily
-264167766,FRY,Monique,1312,Cottonwood,Spring Field,New Cicily
1998033847,YU,Brian,26130,Aspen,Spring Field,New Cicily
-2117824797,DAVID,Frank,20209,Lehua,Spring Field,New Cicily
2105614871,MELENDEZ,Brian,18402,Mesquite,Spring Field,New Cicily
-1669601372,BATES,Francisco,18632,S 400,Spring Field,New Cicily
1443473627,RICHMOND,Jared,13874,Sycamore,Spring Field,New Cicily
-624614613,MERRITT,Bruce,10146,Meadow,Spring Field,New Cicily
132371721,BRYAN,Glen,15093,Pinon,Spring Field,New Cicily
4210858,COBB,Don,7944,Shore,Spring Field,New Cicily
-1939868718,MCKAY,Louis,28106,Tenth,Spring Field,New Cicily
-1291625399,ASHLEY,Philip,29554,Pecan,Spring Field,New Cicily
877932393,DONOVAN,Connor,1970,Fifth,Spring Field,New Cicily
-160167377,MCDONALD,Sabrina,22890,West,Spring Field,New Cicily
1950818696,PACHECO,David,5937,Evergreen,Spring Field,New Cicily
-392467740,THOMAS,Douglas,12208,Pleasant,Spring Field,New Cicily
134378692,GREEN,Drew,2854,Lee,Spring Field,New Cicily
1255813162,ROSS,Lindsey,17776,Shore,Spring Field,New Cicily
2101794810,DUNLAP,Marc,6435,Williams,Spring Field,New Cicily
-772826891,KEY,Rebecca,5954,Navajo,Spring Field,New Cicily
2100996820,DURAN,Leonard,28319,Ridge,Spring Field,New Cicily
936414417,REYNOLDS,Thomas,15967,Pleasant,Spring Field,New Cicily
898689629,BRENNAN,Brandon,8494,Main,Spring Field,New Cicily
2021770545,ATKINS,Tony,2554,Hemlock,Spring Field,New Cicily
-349012287,ONEILL,Chelsea,7032,Seventh,Spring Field,New Cicily
1217239286,SALINAS,Hunter,20343,Willow,Spring Field,New Cicily
-1567800702,PEREZ,Kristopher,14588,Meadow,Spring Field,New Cicily
-2081545115,HORN,Jacob,7748,Aloha,Spring Field,New Cicily
-1999632430,CARTER,Randall,29224,County Line,Spring Field,New Cicily
208007165,STOKES,Diana,26494,Ninth,Spring Field,New Cicily
-74945564,RIVERA,Brandy,14530,S 400,Spring Field,New Cicily
2073381260,ONEAL,Brian,29964,Sunset,Spring Field,New Cicily
-1159929552,BIRD,Addison,3876,Malulani,Spring Field,New Cicily
2030035689,CRANE,Angel,26235,Dogwood,Spring Field,New Cicily
1202420817,SWEENEY,Timothy,4412,Narragansett,Spring Field,New Cicily
1778941744,CONLEY,Stuart,12962,Canyon,Spring Field,New Cicily
-1713036531,MARTIN,Thelma,21587,A,Spring Field,New Cicily
-1788274975,RIOS,Martin,27268,Laurel,Spring Field,New Cicily
-623508470,VASQUEZ,Frances,24178,Hickory,Spring Field,New Cicily
305945862,SANDERS,Chloe,19412,Willow,Spring Field,New Cicily
-1959357523,REEVES,Eileen,11269,First,Spring Field,New Cicily
-1817343526,MACK,Shane,6629,Evergreen,Spring Field,New Cicily
156592201,WELCH,Mary,21486,Mountain View,Spring Field,New Cicily
2107449729,WHEELER,Paul,9978,Broadway,Spring Field,New Cicily
-289575935,REYNOLDS,Nathan,3108,Wilson,Spring Field,New Cicily
2110358341,GOLDEN,Mia,20445,Aloha,Spring Field,New Cicily
1605264609,GOLDEN,Norman,8829,Malulani,Spring Field,New Cicily
755322343,POWELL,Michael,10307,Hickory,Spring Field,New Cicily
2037476322,BREWER,Hugh,22156,North,Spring Field,New Cicily
-1855514033,RIGGS,Harold,20269,Hickory,Spring Field,New Cicily
-1549584195,CAMPBELL,Natalie,14615,Fourth,Spring Field,New Cicily
1608084166,IBARRA,Sidney,21395,Apache,Spring Field,New Cicily
1525680274,CHAPMAN,Gene,22895,Cypress,Spring Field,New Cicily
-1098211026,CUMMINGS,Betty,1025,A,Spring Field,New Cicily
1311461964,OCONNELL,Dominique,2766,Hemlock,Spring Field,New Cicily
-704586101,HAWKINS,Johnathan,18683,Center,Spring Field,New Cicily
-1855507240,HALEY,Oscar,154,Wilson,Spring Field,New Cicily
372424049,FERGUSON,Annette,1186,Magnolia,Spring Field,New Cicily
2057812108,ACOSTA,Nichole,9211,Redwood,Spring Field,New Cicily
-1676401419,SNOW,Connor,10505,Lehua,Spring Field,New Cicily
1148258319,MCPHERSON,Anita,3021,Ridge,Spring Field,New Cicily
1209743757,HALE,Kristi,23166,Elm,Spring Field,New Cicily
-88080796,SHAH,Madison,1630,Malulani,Spring Field,New Cicily
-1923661160,PITTMAN,Jesse,7421,Maple,Spring Field,New Cicily
-739840663,CABRERA,Mason,26098,Sixth,Spring Field,New Cicily
548619527,PRINCE,Shawn,11439,Cypress,Spring Field,New Cicily
-305695768,PADILLA,Cynthia,26386,Quail,Spring Field,New Cicily
-132210071,WALSH,Stuart,16819,Hampton,Spring Field,New Cicily
-1776322272,JOHNS,Riley,27209,Smith,Spring Field,New Cicily
-8929386,HODGE,Eileen,9855,Pioneer,Spring Field,New Cicily
-372662588,HICKMAN,Timothy,27901,Orchard,Spring Field,New Cicily
-1555769551,BLANKENSHIP,Aidan,4929,Washington,Spring Field,New Cicily
-821594676,MOSS,Courtney,14181,Third,Spring Field,New Cicily
-1761275306,CROSS,Sarah,22934,Smith,Spring Field,New Cicily
1739183448,COLLINS,John,14242,Aloha,Spring Field,New Cicily
49569221,RUSSELL,Edith,4703,Cottonwood,Spring Field,New Cicily
1220149750,SCHMITT,Victoria,16952,Orchard,Spring Field,New Cicily
1215760612,ROBINSON,Clinton,24126,N 400,Spring Field,New Cicily
2000336613,KHAN,Brian,434,Dogwood,Spring Field,New Cicily
-1842559605,DURAN,Penny,10671,Canyon,Spring Field,New Cicily
887955950,WU,Josephine,11459,Tenth,Spring Field,New Cicily
1071778100,DYER,Gilbert,22952,Lincoln,Spring Field,New Cicily
595122181,GARDNER,Fred,8738,Dogwood,Spring Field,New Cicily
-145669019,WYATT,Steven,1399,Lakeview,Spring Field,New Cicily
-1823015757,WARE,Sarah,21561,Hampton,Spring Field,New Cicily
1571552421,VALENCIA,Calvin,28195,Redwood,Spring Field,New Cicily
1041017961,SULLIVAN,David,27606,Eleventh,Spring Field,New Cicily
-2073246441,WINTERS,Brendan,13999,Hillside,Spring Field,New Cicily
1439655140,FRANKLIN,Megan,26611,Fourth,Spring Field,New Cicily
-221788913,MAYNARD,Maxine,28019,Smith,Spring Field,New Cicily
-198846260,FULLER,Carol,9340,Sixth,Spring Field,New Cicily
-1086975459,HALL,Debbie,10491,Orchard,Spring Field,New Cicily
-1108558023,CLEMENTS,Catherine,9525,Mesquite,Spring Field,New Cicily
-1386508726,MATA,Phillip,6923,Meadow,Spring Field,New Cicily
-2105013457,GREENE,Ryan,3840,Aloha,Spring Field,New Cicily
248383362,WERNER,Betty,14645,Johnson,Spring Field,New Cicily
402759475,JOSEPH,Marcia,12723,Twelfth,Spring Field,New Cicily
-479177481,WEBSTER,Bernice,12520,Quail,Spring Field,New Cicily
399222015,GONZALES,Priscilla,21003,Redwood,Spring Field,New Cicily
2073460188,RYAN,Edgar,9013,Sycamore,Spring Field,New Cicily
-1914269031,PAYNE,Mindy,17790,Magnolia,Spring Field,New Cicily
1982250763,KING,Beverly,17891,Eleventh,Spring Field,New Cicily
282689844,BURTON,Barbara,27387,Thirteenth,Spring Field,New Cicily
78435571,PRATT,Amy,14762,Quail,Spring Field,New Cicily
-820259947,WILLIS,Cassandra,19952,Jackson,Spring Field,New Cicily
2140853470,WIGGINS,Sean,11579,Palo Verde,Spring Field,New Cicily
820282694,MCKAY,Alexis,14562,Third,Spring Field,New Cicily
1514405239,MCCLURE,Brittany,6841,Willow,Spring Field,New Cicily
-1873328022,CASEY,Hannah,27212,Aspen,Spring Field,New Cicily
76659159,SHEA,Mary,26160,Thirteenth,Spring Field,New Cicily
-83138762,STEIN,Janice,20509,Wood,Spring Field,New Cicily
949016748,WALLS,Pamela,1903,S 400,Spring Field,New Cicily
472862765,WRIGHT,Isaac,29151,Pioneer,Spring Field,New Cicily
-40873678,BUSH,Jessie,15473,Birch,Spring Field,New Cicily
1359026533,ELLISON,Marco,6869,Seventh,Spring Field,New Cicily
-419632073,WYATT,Norman,2899,Dogwood,Spring Field,New Cicily
-1991972117,ESTES,Spencer,29167,Delaware,Spring Field,New Cicily
-1918776169,SALAS,Marie,20405,Fourth,Spring Field,New Cicily
-1562238905,HOUSTON,Cassandra,10485,Cedar,Spring Field,New Cicily
-1848380360,LOVE,Renee,23997,Spruce,Spring Field,New Cicily
1985695761,JOHNSTON,Rachel,12541,Quail,Spring Field,New Cicily
-1070817335,PALMER,Parker,5114,Cypress,Spring Field,New Cicily
-1717982294,ONEAL,Terry,9562,Orchard,Spring Field,New Cicily
-2869731,RIVERA,Gordon,17445,Aloha,Spring Field,New Cicily
144207122,BOYER,Tina,12690,Thirteenth,Spring Field,New Cicily
1783779325,GALLOWAY,Curtis,20425,Mesquite,Spring Field,New Cicily
-574183596,COPELAND,Tabitha,8766,Hill,Spring Field,New Cicily
-1746152032,MORSE,Shari,14651,Broadway,Spring Field,New Cicily
143777029,DAVIS,Rick,21702,Walnut,Spring Field,New Cicily
5197190,VANG,Sam,18773,Kahili,Spring Field,New Cicily
-840876895,CUMMINGS,Keith,17124,Malulani,Spring Field,New Cicily
-550061698,DAVID,Dustin,22034,Williams,Spring Field,New Cicily
783863834,LEONARD,Jay,22438,Church,Spring Field,New Cicily
360117234,EVERETT,Autumn,18142,Quail,Spring Field,New Cicily
-1152934557,LINDSEY,Kiara,17099,Evergreen,Spring Field,New Cicily
-69893817,PATTON,Allison,1947,Walnut,Spring Field,New Cicily
-1869763836,ROBLES,Tom,14964,Canyon,Spring Field,New Cicily
2076255332,DANIEL,Ella,15622,Third,Spring Field,New Cicily
-304185329,RHODES,Trinity,26276,Laurel,Spring Field,New Cicily
-1732152144,WILSON,Jon,8179,Airport,Spring Field,New Cicily
76338421,HOLT,Mary,9661,Smith,Spring Field,New Cicily
2011569109,DAVILA,Dan,308,Quail,Spring Field,New Cicily
70605311,BASS,Gary,2420,S 400,Spring Field,New Cicily
2112496602,GRAVES,Bob,4871,Evergreen,Spring Field,New Cicily
1244668538,MCGUIRE,Christina,14510,Juniper,Spring Field,New Cicily
-1905423420,NORMAN,Tony,5411,Lakeview,Spring Field,New Cicily
1301909841,NIELSEN,Valerie,9267,Twelfth,Spring Field,New Cicily
-417782088,CASE,Anthony,11449,Evergreen,Spring Field,New Cicily
-1779624329,HOLT,Tracy,19661,S 100,Spring Field,New Cicily
555673670,MEDINA,Jeffrey,10236,Canyon,Spring Field,New Cicily
-1279833488,BURNETT,Duane,24985,A,Spring Field,New Cicily
-2134486363,RICH,Henry,1620,Hemlock,Spring Field,New Cicily
-93447480,HODGE,Janice,16440,Kahili,Spring Field,New Cicily
-1432264166,DYER,Jacqueline,1198,Kansas,Spring Field,New Cicily
-1061948041,MATTHEWS,Christopher,12875,Pecan,Spring Field,New Cicily
-1440086053,SHELTON,Ross,5327,Magnolia,Spring Field,New Cicily
-464539864,STARK,Sierra,23507,Hemlock,Spring Field,New Cicily
-1928932593,HANNA,Marie,7137,Walnut,Spring Field,New Cicily
-1722213541,HOBBS,Mariah,13141,Meadow,Spring Field,New Cicily
-517492098,JENNINGS,Joseph,6125,Park,Spring Field,New Cicily
2047014434,BROOKS,Ruth,27431,Thirteenth,Spring Field,New Cicily
2084626303,HANNA,Vernon,15791,Kansas,Spring Field,New Cicily
-2097710684,BERRY,Vivian,16060,River,Spring Field,New Cicily
-90224740,COOPER,Jacob,13301,Holly,Spring Field,New Cicily
1134794106,WHITEHEAD,Eva,3838,A,Spring Field,New Cicily
5154821,SOTO,Ted,12685,Highland,Spring Field,New Cicily
-624123362,BROWNING,Martha,4584,Center,Spring Field,New Cicily
-1620443708,VALENZUELA,Dolores,19745,Shore,Spring Field,New Cicily
1205915050,WHITEHEAD,Leah,28665,Jackson,Spring Field,New Cicily
-1073847367,SUMMERS,Dave,9704,Hampton,Spring Field,New Cicily
1323113154,PEARSON,Jonathon,11070,Quail,Spring Field,New Cicily
839639586,MCGRATH,Sandra,23583,Aloha,Spring Field,New Cicily
-1925116214,SILVA,Lynne,692,S 100,Spring Field,New Cicily
417365869,GOOD,Justin,28822,Pine,Spring Field,New Cicily
46349677,HOLLOWAY,Steven,20596,Bay,Spring Field,New Cicily
-168419811,RICHARD,Jason,21409,Pinon,Spring Field,New Cicily
1522330712,BARTLETT,Shari,24293,Fifth,Spring Field,New Cicily
-1733814895,SHANNON,Edward,15275,Shore,Spring Field,New Cicily
240849739,YU,Teresa,9695,N 400,Spring Field,New Cicily
1734807698,BARAJAS,Dorothy,20364,First,Spring Field,New Cicily
287291594,PRUITT,Calvin,2000,Quail,Spring Field,New Cicily
-1536012602,HUYNH,Samantha,16622,Thirteenth,Spring Field,New Cicily
-1819853959,WAGNER,Eileen,4149,Cherry,Spring Field,New Cicily
1756844964,FARRELL,Victor,26411,Redwood,Spring Field,New Cicily
1484066642,HANCOCK,Leon,1577,A,Spring Field,New Cicily
1559233723,FRENCH,Elizabeth,29234,Juniper,Spring Field,New Cicily
2125351509,VILLA,Devin,22736,Lake,Spring Field,New Cicily
-93200153,MUELLER,Erick,24311,Twelfth,Spring Field,New Cicily
1009141407,FRY,Marianne,19727,Ridge,Spring Field,New Cicily
-1457253718,RODGERS,Alicia,21941,Canyon,Spring Field,New Cicily
1627186864,WEBER,Bianca,15804,Mountain View,Spring Field,New Cicily
1402170277,CISNEROS,Emily,17539,Jackson,Spring Field,New Cicily
261175115,ORR,Eugene,20128,Cypress,Spring Field,New Cicily
56280089,MOONEY,Edwin,26486,Sunset,Spring Field,New Cicily
-397187017,CHAPMAN,Raven,2036,Willow,Spring Field,New Cicily
-640519406,STEPHENSON,Terrence,21518,Thirteenth,Spring Field,New Cicily
-81611479,ANDERSON,Tony,21045,Center,Spring Field,New Cicily
-1926044516,KELLY,Mario,21894,Kukui,Spring Field,New Cicily
-226383403,LUTZ,Steven,23066,Church,Spring Field,New Cicily
-2129433872,VAZQUEZ,Lillian,1554,Apache,Spring Field,New Cicily
-269237897,BELTRAN,Krystal,6566,Shore,Spring Field,New Cicily
877675533,JENKINS,Allison,15928,Kahili,Spring Field,New Cicily
-2000979334,WEEKS,Janet,7232,Orchard,Spring Field,New Cicily
508681273,NEWTON,Martin,13441,Hickory,Spring Field,New Cicily
572446296,RILEY,Maxwell,16240,Cedar,Spring Field,New Cicily
-1035105487,BOYLE,Geoffrey,6025,Pioneer,Spring Field,New Cicily
247922242,GOODMAN,Nathaniel,24843,West,Spring Field,New Cicily
-1741029330,SALAS,Shawn,9437,Shore,Spring Field,New Cicily
52796197,GALLEGOS,Zachary,22524,Ridge,Spring Field,New Cicily
-589560577,SPARKS,Lindsay,14710,Navajo,Spring Field,New Cicily
-1535794280,CHOI,Jeanette,27685,Ninth,Spring Field,New Cicily
-1388703641,RANDOLPH,Bernard,2430,Smith,Spring Field,New Cicily
-498550266,MYERS,Sheryl,9538,Twelfth,Spring Field,New Cicily
-1884390178,FREDERICK,Tara,28296,Pioneer,Spring Field,New Cicily
529689065,FOX,Adrian,7523,Ridge,Spring Field,New Cicily
-864035954,MCCULLOUGH,Russell,18353,Navajo,Spring Field,New Cicily
2139553912,FERGUSON,Katelyn,5835,Pioneer,Spring Field,New Cicily
-1968216984,WOODS,Kerry,18551,North,Spring Field,New Cicily
1538476037,ZAVALA,William,18621,N 400,Spring Field,New Cicily
-1484889832,WOODWARD,Erika,23131,Pioneer,Spring Field,New Cicily
32640949,MOON,Bradley,26436,Birch,Spring Field,New Cicily
-1991515220,BATES,Kayla,6155,Aspen,Spring Field,New Cicily
-1386685912,DURHAM,Delaney,25340,Meadow,Spring Field,New Cicily
-449166399,GUZMAN,Leslie,8183,First,Spring Field,New Cicily
-1951868911,ARNOLD,Maurice,384,Wood,Spring Field,New Cicily
1003727736,FRY,Audrey,21311,Lehua,Spring Field,New Cicily
-1526442275,BASS,Howard,21477,Smith,Spring Field,New Cicily
868053109,SHERMAN,Perry,23045,First,Spring Field,New Cicily
1581264806,CARR,Tristan,14959,Park,Spring Field,New Cicily
1571908827,ROCHA,Stephen,8730,Hill,Spring Field,New Cicily
451824841,DELEON,Mackenzie,16591,North,Spring Field,New Cicily
-658709054,PEARSON,Shannon,1357,Shore,Spring Field,New Cicily
-779004996,CARLSON,Kelly,9637,Spruce,Spring Field,New Cicily
-872340997,WALLACE,George,28141,Williams,Spring Field,New Cicily
-1719009182,MARQUEZ,Autumn,29341,Bay,Spring Field,New Cicily
-2072459115,CALDERON,Laurie,3075,Dogwood,Spring Field,New Cicily
-206986307,DAWSON,Theodore,25992,Pleasant,Spring Field,New Cicily
57272920,NORRIS,Devon,16448,Orchard,Spring Field,New Cicily
453053132,MCKNIGHT,Grace,23114,Broadway,Spring Field,New Cicily
1768821158,DOYLE,Lorraine,18492,Jackson,Spring Field,New Cicily
-586795656,CUMMINGS,Tammy,29454,Malulani,Spring Field,New Cicily
501721091,SALAZAR,Jenna,26975,Canyon,Spring Field,New Cicily
-1295734506,WILKERSON,Lonnie,12080,Pleasant,Spring Field,New Cicily
1669903816,MENDOZA,Ann,2967,Washington,Spring Field,New Cicily
-447642860,HOWE,Shirley,11872,Spruce,Spring Field,New Cicily
-1821550014,BRENNAN,Michelle,688,Ninth,Spring Field,New Cicily
484761931,PRATT,Julian,26615,Lake,Spring Field,New Cicily
68670353,ESTES,Max,2733,Smith,Spring Field,New Cicily
-405500411,ABBOTT,Andre,29040,Elm,Spring Field,New Cicily
137254491,MCGEE,Beth,15989,Seventh,Spring Field,New Cicily
-419767091,MAY,Anthony,14994,Narragansett,Spring Field,New Cicily
-1497403571,WOODWARD,Edwin,2840,Cherry,Spring Field,New Cicily
72354830,CAMERON,Dakota,27912,Maple,Spring Field,New Cicily
112848655,BRANCH,Randy,23208,Ridge,Spring Field,New Cicily
-801328841,ARELLANO,Jade,24140,Apache,Spring Field,New Cicily
-570372320,HALE,Shelby,23106,Twelfth,Spring Field,New Cicily
-2134457478,SHEA,Henry,13463,Center,Spring Field,New Cicily
2036373526,BISHOP,Paul,22398,First,Spring Field,New Cicily
2074122879,COOPER,Tara,21199,Apache,Spring Field,New Cicily
-215034863,FULLER,Bobby,28439,River,Spring Field,New Cicily
304316501,GALVAN,Marvin,1611,Evergreen,Spring Field,New Cicily
-2089645508,HUDSON,Anna,4889,Lake,Spring Field,New Cicily
1496627004,GLASS,Douglas,21939,Dogwood,Spring Field,New Cicily
-530521959,PERRY,Melissa,29703,River,Spring Field,New Cicily
-1765739094,SUTTON,Juan,5248,Second,Spring Field,New Cicily
709545254,FISHER,Hunter,17471,Cypress,Spring Field,New Cicily
-781266722,MAHONEY,Andre,29570,Pioneer,Spring Field,New Cicily
333021426,COPELAND,Mary,13756,Meadow,Spring Field,New Cicily
2136793860,VELAZQUEZ,Lucas,2987,Navajo,Spring Field,New Cicily
-972790058,BARRY,Heather,11809,Ridge,Spring Field,New Cicily
-2030645223,CHAN,Kylie,18171,Magnolia,Spring Field,New Cicily
-1942063644,MORROW,Kyle,2307,Canyon,Spring Field,New Cicily
-2100720411,BAXTER,Jordan,20976,Aspen,Spring Field,New Cicily
-1249144907,SHAH,Ronald,5525,S 100,Spring Field,New Cicily
-1846846984,EVERETT,Darryl,2597,Fourth,Spring Field,New Cicily
-1830159647,RODGERS,Matthew,28444,Quail,Spring Field,New Cicily
-1506640923,BRADSHAW,Darin,11210,N 400,Spring Field,New Cicily
996772902,GOODWIN,Jody,17055,North,Spring Field,New Cicily
-96663370,CHAVEZ,Jared,24659,A,Spring Field,New Cicily
286248383,MCMILLAN,Patricia,4498,S 400,Spring Field,New Cicily
208068946,KENNEDY,Thelma,4079,Canyon,Spring Field,New Cicily
-45057371,LOZANO,Bruce,5875,Dogwood,Spring Field,New Cicily
222542913,HARTMAN,Daniel,6174,Palo Verde,Spring Field,New Cicily
2113913557,FRITZ,Diana,4714,S 100,Spring Field,New Cicily
120469052,MATA,Alexander,16672,Kahili,Spring Field,New Cicily
-1988587512,LANDRY,Fred,1868,S 100,Spring Field,New Cicily
-1531724944,SIMON,Michael,23468,Hampton,Spring Field,New Cicily
-20619984,PATTON,Patricia,21559,Walnut,Spring Field,New Cicily
-2044664317,JACOBSON,Jeffery,16797,Williams,Spring Field,New Cicily
230047879,PITTMAN,Mary,8927,A,Spring Field,New Cicily
-871577099,WATKINS,Tristan,26661,Evergreen,Spring Field,New Cicily
-1712565968,YODER,Tammy,24310,Mountain View,Spring Field,New Cicily
-2018688905,DAVID,Jalen,3728,Apache,Spring Field,New Cicily
345956743,ACEVEDO,Andrea,17944,Sixth,Spring Field,New Cicily
-1870893118,PIERCE,Bill,21909,Meadow,Spring Field,New Cicily
574172667,JENSEN,Micheal,19036,Mountain View,Spring Field,New Cicily
2143736620,DOYLE,Theodore,3855,Highland,Spring Field,New Cicily
-1186242226,HAYS,Darren,26419,Jackson,Spring Field,New Cicily
210808104,WHITNEY,Scott,4879,Second,Spring Field,New Cicily
-1808172136,RICHARDSON,Mario,24752,Cherry,Spring Field,New Cicily
1574887894,PITTS,Abigail,15293,Cedar,Spring Field,New Cicily
-844493266,LIVINGSTON,Theodore,27835,Lincoln,Spring Field,New Cicily
994193183,WASHINGTON,Holly,18698,S 400,Spring Field,New Cicily
-542560991,HURLEY,Chelsey,21138,Eighth,Spring Field,New Cicily
1606867118,MCGUIRE,Guy,20130,Elm,Spring Field,New Cicily
1074287969,WILSON,Arianna,13323,Eleventh,Spring Field,New Cicily
-2052484291,HILL,Karen,26887,Highland,Spring Field,New Cicily
-1195119941,BARAJAS,Francis,13398,First,Spring Field,New Cicily
-1631904241,WYATT,Jeffery,5024,Williams,Spring Field,New Cicily
867589228,WU,Yvonne,15568,Canyon,Spring Field,New Cicily
-1031787853,CUMMINGS,Doris,1666,Mountain View,Spring Field,New Cicily
609992437,NEWTON,Wyatt,8296,Walnut,Spring Field,New Cicily
-1814568976,MCDOWELL,Kent,750,Fourth,Spring Field,New Cicily
29411034,GUTIERREZ,Mason,10217,Shore,Spring Field,New Cicily
-1925120582,HARRINGTON,Doris,28272,Cedar,Spring Field,New Cicily
-2113806794,DUDLEY,Brendan,20901,Fifth,Spring Field,New Cicily
826803256,GONZALES,Joyce,22836,Hampton,Spring Field,New Cicily
-104546824,KENNEDY,Jon,18023,Kahili,Spring Field,New Cicily
1968322193,WONG,Angel,22620,Meadow,Spring Field,New Cicily
-1857234038,PRUITT,Greg,22425,Wilson,Spring Field,New Cicily
1865624488,MURRAY,Anthony,13580,Second,Spring Field,New Cicily
-1904551399,CRANE,Nancy,8050,Navajo,Spring Field,New Cicily
1891940159,BUCHANAN,Francis,28621,Quail,Spring Field,New Cicily
-201877949,GAMBLE,Brian,3645,Kukui,Spring Field,New Cicily
2023401423,BARBER,Jane,3433,Park,Spring Field,New Cicily
1636054876,HIGGINS,Tom,6805,Third,Spring Field,New Cicily
253721619,WHITAKER,Catherine,17403,Redwood,Spring Field,New Cicily
-558693090,MICHAEL,Allen,18421,Eleventh,Spring Field,New Cicily
-308914171,GUZMAN,Allison,23076,Holly,Spring Field,New Cicily
1242232020,EWING,Kathryn,11720,Broadway,Spring Field,New Cicily
380823389,RANDOLPH,Selena,29862,Lake,Spring Field,New Cicily
465475945,MURRAY,Mckenzie,12088,Pecan,Spring Field,New Cicily
729535578,DOUGHERTY,Morgan,20410,S 400,Spring Field,New Cicily
4903818,MAYS,Rex,24563,Malulani,Spring Field,New Cicily
-775212723,GARRETT,Vanessa,5499,S 400,Spring Field,New Cicily
-1624841544,PINEDA,Marilyn,1046,Lake,Spring Field,New Cicily
159665883,GILLESPIE,Olivia,4737,Mountain View,Spring Field,New Cicily
582322183,MERCADO,Debbie,29147,Cottonwood,Spring Field,New Cicily
-488498570,HAWKINS,Peter,5816,S 100,Spring Field,New Cicily
278489696,BRYANT,Wyatt,23521,Redwood,Spring Field,New Cicily
1980233544,MCINTOSH,Shelley,12239,Magnolia,Spring Field,New Cicily
81331089,MANN,Rita,22857,Hillside,Spring Field,New Cicily
125962540,BAILEY,Sally,12965,Sycamore,Spring Field,New Cicily
-1775552523,ROWLAND,Jeremiah,18316,Twelfth,Spring Field,New Cicily
1185601582,CARROLL,Sydney,18408,Apache,Spring Field,New Cicily
1066204791,GREGORY,Brad,20737,Lakeview,Spring Field,New Cicily
1100626335,TERRELL,Brenda,11204,Narragansett,Spring Field,New Cicily
1203651120,WHITEHEAD,Ivan,19389,Pleasant,Spring Field,New Cicily
1809563876,PENA,Darlene,3571,Highland,Spring Field,New Cicily
1220735897,CORTEZ,Rebecca,12331,Sunset,Spring Field,New Cicily
330430178,MYERS,Brianna,7888,Cherry,Spring Field,New Cicily
-1747496926,RUSSO,Sally,21545,Park,Spring Field,New Cicily
-183718207,BERG,Caitlyn,14270,Lehua,Spring Field,New Cicily
1522106626,AUSTIN,Anthony,16184,Delaware,Spring Field,New Cicily
83412389,LANE,Troy,20539,Evergreen,Spring Field,New Cicily
1085446257,BUCKLEY,Breanna,29601,Eleventh,Spring Field,New Cicily
2030049312,CROSS,Angel,3923,Cypress,Spring Field,New Cicily
2050168263,COSTA,Becky,25658,Kansas,Spring Field,New Cicily
-1844958263,NEAL,Ricky,20175,Tenth,Spring Field,New Cicily
-856563964,DICKSON,Philip,634,Eleventh,Spring Field,New Cicily
-1618987540,GIBBS,Meghan,22593,Kahili,Spring Field,New Cicily
-1517867089,RODRIGUEZ,Elmer,6222,Orchard,Spring Field,New Cicily
-246222666,SANTOS,Chelsea,14080,A,Spring Field,New Cicily
-2078926393,PACE,Calvin,1850,Fourth,Spring Field,New Cicily
1246773171,DAVIDSON,Morris,26521,Cypress,Spring Field,New Cicily
-1860855814,PRINCE,Dana,21875,Main,Spring Field,New Cicily
-1885179856,MANN,Cheryl,25341,S 400,Spring Field,New Cicily
-2086499090,WILEY,Gavin,27533,Juniper,Spring Field,New Cicily
-1500961070,LUTZ,Curtis,4772,Seventh,Spring Field,New Cicily
191941461,MYERS,Alexander,15506,Fourth,Spring Field,New Cicily
-390622408,BLANCHARD,Elizabeth,2205,Fourth,Spring Field,New Cicily
2060176555,LOWE,Duane,13389,Narragansett,Spring Field,New Cicily
-1880978834,OROZCO,Mark,18671,A,Spring Field,New Cicily
1239949645,CHUNG,Kathryn,21104,Oak,Spring Field,New Cicily
-1414846328,KNAPP,Richard,14317,Twelfth,Spring Field,New Cicily
2108993402,WHITE,Craig,5316,Pine,Spring Field,New Cicily
947275781,ROBERTSON,Peter,5179,Wilson,Spring Field,New Cicily
1978873307,KENNEDY,Ethan,1856,County Line,Spring Field,New Cicily
-618433096,THORNTON,Stephen,13255,Mountain View,Spring Field,New Cicily
1128109141,PARRISH,Lillian,19029,Kahili,Spring Field,New Cicily
219271090,MEDINA,Kerry,12602,Sycamore,Spring Field,New Cicily
2028320021,AYALA,Andre,25547,N 400,Spring Field,New Cicily
188765348,CALHOUN,Dennis,22013,Walnut,Spring Field,New Cicily
-1754804956,HUBER,Scott,16219,North,Spring Field,New Cicily
1034375198,YATES,Ashton,989,Washington,Spring Field,New Cicily
2087971857,FOLEY,Clara,13269,Ridge,Spring Field,New Cicily
-1534601746,PATEL,Michele,21530,Oak,Spring Field,New Cicily
-1241210185,SPENCE,Trevor,9030,Elm,Spring Field,New Cicily
-1157719809,BRADY,Kristin,771,Columbine,Spring Field,New Cicily
726084581,HESS,Frederick,9827,Ninth,Spring Field,New Cicily
1794358359,SCHNEIDER,Deanna,11849,Aloha,Spring Field,New Cicily
1526953267,MONTGOMERY,Michele,3323,Kansas,Spring Field,New Cicily
-2081081851,HAHN,Jason,11948,Cypress,Spring Field,New Cicily
-1624543060,MCKNIGHT,Alan,14015,River,Spring Field,New Cicily
74478168,SOTO,Judy,1342,Mountain View,Spring Field,New Cicily
1615072499,JAMES,Bianca,6993,Eleventh,Spring Field,New Cicily
641908623,MCLAUGHLIN,Carl,17443,Mountain View,Spring Field,New Cicily
1979621540,OCONNELL,Eric,26052,Orchard,Spring Field,New Cicily
-728992340,HERNANDEZ,Ricardo,28223,Mesquite,Spring Field,New Cicily
-1935702814,MOONEY,Ryan,22722,Evergreen,Spring Field,New Cicily
573370320,SILVA,Maxwell,26270,Eighth,Spring Field,New Cicily
-2072050426,CROSBY,Joanna,12006,Aspen,Spring Field,New Cicily
-2081381733,DIAZ,James,16726,Fifth,Spring Field,New Cicily
-1817595076,DIAZ,Shawn,11461,Aspen,Spring Field,New Cicily
920726516,HUDSON,Kristin,12156,Hampton,Spring Field,New Cicily
2088258368,BENSON,Nichole,16435,Pine,Spring Field,New Cicily
-1043613491,BARKER,Jonathan,26150,Second,Spring Field,New Cicily
2126468928,HARVEY,Tom,9946,Cherry,Spring Field,New Cicily
-1623198430,PATTERSON,Brittany,24434,Hampton,Spring Field,New Cicily
893536268,HO,Delores,2822,Tenth,Spring Field,New Cicily
-1819374703,VALENZUELA,Stephanie,13140,Evergreen,Spring Field,New Cicily
673021123,CURTIS,Suzanne,26492,Ninth,Spring Field,New Cicily
2076551935,CHANG,Jillian,24095,Meadow,Spring Field,New Cicily
4515746,LOWE,Eva,8661,Pleasant,Spring Field,New Cicily
-930754150,CAMERON,Faith,26144,Willow,Spring Field,New Cicily
-1641509633,SALINAS,Jose,29314,Thirteenth,Spring Field,New Cicily
-2014744729,HICKS,James,16271,Airport,Spring Field,New Cicily
255827694,NAVARRO,Natalia,11571,Third,Spring Field,New Cicily
-1300754477,CLARK,Johnnie,22182,Sunset,Spring Field,New Cicily
-1106207145,ESCOBAR,Christine,17205,A,Spring Field,New Cicily
762165456,WAGNER,Martha,20773,Pioneer,Spring Field,New Cicily
1193387434,WARNER,Valerie,29685,Delaware,Spring Field,New Cicily
-2099782125,HARVEY,Jack,10230,Williams,Spring Field,New Cicily
-803567532,CARROLL,Carson,10727,Kahili,Spring Field,New Cicily
-1312748344,RAMOS,Wesley,19116,First,Spring Field,New Cicily
189900406,REEVES,Edwin,23917,Willow,Spring Field,New Cicily
-1452854816,OWENS,Howard,14788,Kahili,Spring Field,New Cicily
302300380,STRONG,Grant,18841,Cypress,Spring Field,New Cicily
1837437212,RANGEL,Shelia,9032,Center,Spring Field,New Cicily
1249754193,ENGLISH,Glenn,23051,Jackson,Spring Field,New Cicily
-881101732,PARKER,Zachary,4049,Pinon,Spring Field,New Cicily
2082206296,SELLERS,Melanie,12131,Kansas,Spring Field,New Cicily
2065435842,CONNER,Juan,14416,Ninth,Spring Field,New Cicily
-194121311,WIGGINS,Danny,22567,Pinon,Spring Field,New Cicily
86926758,RIVERA,Alvin,11043,Aloha,Spring Field,New Cicily
1919841534,MONROE,Christina,11583,Fifth,Spring Field,New Cicily
1178762467,BUTLER,Donald,13712,Jackson,Spring Field,New Cicily
1504748452,PETTY,Douglas,16605,Lee,Spring Field,New Cicily
899272732,TRUJILLO,Vicky,12303,Quail,Spring Field,New Cicily
-876208730,BEASLEY,Valeria,17526,Canyon,Spring Field,New Cicily
2103602533,DUARTE,Omar,19836,Sunset,Spring Field,New Cicily
-684005891,GALLEGOS,Thomas,28488,Seventh,Spring Field,New Cicily
-114691427,HOLMES,Devin,2628,Airport,Spring Field,New Cicily
-791230449,KAUFMAN,Sharon,3823,Smith,Spring Field,New Cicily
270829867,ONEILL,Julia,9133,Malulani,Spring Field,New Cicily
-3941116,WIGGINS,Julia,16216,Columbine,Spring Field,New Cicily
808090932,PACE,Angela,22081,Hillside,Spring Field,New Cicily
-759233723,CLAYTON,Allan,4177,Wood,Spring Field,New Cicily
-2011116948,HANEY,Jerry,22991,Redwood,Spring Field,New Cicily
1148897655,STONE,Gilbert,2143,Pioneer,Spring Field,New Cicily
-2011546241,GRANT,Jerry,28513,Oak,Spring Field,New Cicily
1678793330,PEREZ,Catherine,13249,Malulani,Spring Field,New Cicily
2140332880,PARRISH,Jerry,15550,Johnson,Spring Field,New Cicily
-2068189999,HART,Jorge,24365,Kansas,Spring Field,New Cicily
-1899978890,HOGAN,Naomi,27902,Hill,Spring Field,New Cicily
2132679916,SCHMITT,Norman,4331,Cherry,Spring Field,New Cicily
-1499796067,VALENZUELA,Jonathan,20550,Shore,Spring Field,New Cicily
150530058,ROACH,Kent,9040,County Line,Spring Field,New Cicily
-2110401233,ROWLAND,Ruth,74,Columbine,Spring Field,New Cicily
2095429738,MYERS,Clyde,12880,S 400,Spring Field,New Cicily
233221661,DUNLAP,Manuel,286,Hillside,Spring Field,New Cicily
65519815,BROCK,Ann,18329,Delaware,Spring Field,New Cicily
-1455873586,BRANDT,Kaitlyn,11909,Dogwood,Spring Field,New Cicily
-1748018838,DAVIS,Sonya,24212,Hampton,Spring Field,New Cicily
147746920,GROSS,Sara,18606,Hemlock,Spring Field,New Cicily
-2070486109,COPELAND,Andre,19731,Magnolia,Spring Field,New Cicily
1221542660,RAMSEY,Darren,29855,Delaware,Spring Field,New Cicily
-451148500,KIRBY,Elizabeth,26873,Mesquite,Spring Field,New Cicily
791320272,PACHECO,Delaney,12316,Eleventh,Spring Field,New Cicily
-1190014010,HENSLEY,Tristan,6475,Holly,Spring Field,New Cicily
1503335595,JENKINS,Tammy,26944,Birch,Spring Field,New Cicily
74845370,CHAVEZ,Paige,19576,A,Spring Field,New Cicily
74921188,LOGAN,Jim,25909,Magnolia,Spring Field,New Cicily
191830835,HUFFMAN,Tonya,5316,S 100,Spring Field,New Cicily
-1012004990,RAMOS,Deanna,16955,Lincoln,Spring Field,New Cicily
-1124515522,GLASS,Daniel,6695,Sixth,Spring Field,New Cicily
2067482541,VELASQUEZ,Joann,16448,Johnson,Spring Field,New Cicily
149993490,SALAS,Jack,20067,Broadway,Spring Field,New Cicily
-564570115,HURLEY,Gerard,11349,Tenth,Spring Field,New Cicily
